Temps;Canal A;Canal B; Canal C; Canal D
(ms);(kV);(pV);(mV);(V)

-10.0;0.5440211108893698;0.0;226.01749302411892;2.4633194215676744
-9.97997997997998;0.5271149856654235;40.040040040040026;225.5769926154403;2.5747556404961145
-9.95995995995996;0.5099975991781288;80.08008008008005;225.13644481611573;2.676805084333795
-9.93993993993994;0.49267581186741427;120.12012012012008;224.69584842149646;2.7706449252180425
-9.91991991991992;0.4751565660945675;160.1601601601601;224.2552022482422;2.857264187891739
-9.8998998998999;0.4574468833598221;200.20020020020013;223.81450513488832;2.937499942069388
-9.87987987987988;0.4395538614882252;240.24024024024015;223.37375594240734;3.0120654513625724
-9.85985985985986;0.42148467178491617;280.2802802802802;222.93295355476454;3.0815722898832965
-9.83983983983984;0.4032465561609546;320.3203203203202;222.49209687946694;3.1465478827882167
-9.81981981981982;0.38484682423085087;360.36036036036023;222.05118484810657;3.2074495386468804
-9.7997997997998;0.36629285038296144;400.40040040040026;221.61021641689592;3.2646757659050376
-9.77977977977978;0.34759207082392407;440.4404404404403;221.16919056719777;3.318575467626345
-9.75975975975976;0.32875198059831656;480.4804804804803;220.72810630604715;3.3694554646375385
-9.73973973973974;0.30978013058473447;520.5205205205203;220.28696266666617;3.417586691280866
-9.71971971971972;0.290684124469491;560.5605605605604;219.84575870897174;3.4632093292959714
-9.6996996996997;0.2714716156991518;600.6006006006004;219.4044935200751;3.5065370863440877
-9.67967967967968;0.2521503044131273;640.6406406406404;218.96316621477396;3.547760781033161
-9.65965965965966;0.23272793435755038;680.6806806806804;218.52177593603614;3.5870513622252713
-9.63963963963964;0.21321228978167736;720.7207207207205;218.08032185547535;3.6245624641952823
-9.61961961961962;0.19361119231805574;760.7607607607605;217.63880317381842;3.660432578895561
-9.5995995995996;0.17393249784770917;800.8008008008005;217.19721912136364;3.694786910727253
-9.57957957957958;0.1541840933515961;840.8408408408405;216.75556895843079;3.7277389667619136
-9.55955955955956;0.13437389374960387;880.8808808808806;216.3138519758019;3.759391925508241
-9.53953953953954;0.11450983872834533;920.9209209209206;215.8720674951526;3.789839819484387
-9.51951951951952;0.09459988955902907;960.9609609609606;215.43021486947475;3.8191685605892145
-9.4994994994995;0.07465202590667903;1001.0010010010006;214.98829348348906;3.8474568322251543
-9.47947947947948;0.054674242631982;1041.0410410410407;214.54630275404827;3.8747768680500725
-9.45945945945946;0.03467454658704477;1081.0810810810808;214.10424213053045;3.9011951339246385
-9.43943943943944;0.01466095340634547;1121.1211211211207;213.6621110952222;3.926772926919135
-9.41941941941942;-0.005358515705835088;1161.1611611611606;213.21990916369185;3.95156690302776
-9.3993993993994;-0.025375837190214367;1201.2012012012008;212.77763588515228;3.9756295434138833
-9.37937937937938;-0.04538298834825287;1241.241241241241;212.3352908428133;3.999009567501142
-9.35935935935936;-0.065371950557554;1281.2812812812808;211.89287365422317;4.021752299973114
-9.33933933933934;-0.08533471248563014;1321.3213213213207;211.4503839715999;4.043899997701161
-9.31931931931932;-0.10526327330074717;1361.3613613613609;211.007821482151;4.0654921417478205
-9.2992992992993;-0.12514964587856028;1401.401401401401;210.5651859083828;4.086565698861418
-9.27927927927928;-0.14498586000325614;1441.441441441441;210.122477008398;4.107155356261756
-9.25925925925926;-0.16476396556191822;1481.4814814814808;209.67969457618236;4.127293732996792
-9.23923923923924;-0.18447603573083518;1521.521521521521;209.2368384418798;4.147011570709996
-9.21921921921922;-0.20411417015247532;1561.5615615615611;208.79390847205588;4.1663379062843005
-9.1991991991992;-0.22367049810185347;1601.601601601601;208.35090456994965;4.185300228510387
-9.17917917917918;-0.24313718164102177;1641.641641641641;207.90782667571366;4.203924620655544
-9.15915915915916;-0.26250641876041964;1681.681681681681;207.4646747666421;4.222235890577144
-9.13913913913914;-0.2817704465058241;1721.7217217217212;207.021448857387;4.24025768982587
-9.11911911911912;-0.3009215440896474;1761.7617617617611;206.57814900016191;4.2580126230130055
-9.0990990990991;-0.31995203598533445;1801.801801801801;206.1347752849339;4.2755223485693525
-9.07907907907908;-0.3388542950036203;1841.8418418418412;205.69132783960293;4.29280767189701
-9.05905905905906;-0.3576207453494149;1881.8818818818813;205.24780683016854;4.30988863180648
-9.03903903903904;-0.3762438656580892;1921.9219219219212;204.80421246088466;4.32678458103791
-9.01901901901902;-0.3947161920099465;1961.9619619619612;204.36054497440125;4.343514261584644
-8.998998998999;-0.41303032092167075;2002.0020020020013;203.91680465189347;4.360095875467973
-8.97897897897898;-0.431178912313552;2042.0420420420414;203.47299181317806;4.376547151552529
-8.95895895895896;-0.44915469245130146;2082.0820820820813;203.02910681681703;4.39288540894102
-8.93893893893894;-0.466950456861275;2122.1221221221213;202.58515006020815;4.409127617443918
-8.91891891891892;-0.484559073217939;2162.1621621621616;202.14112197966273;4.4252904555833785
-8.8988988988989;-0.5019734842024189;2202.2022022022015;201.69702305047022;4.441390366560552
-8.87887887887888;-0.5191867103309872;2242.2422422422414;201.2528537869497;4.457443612590775
-8.85885885885886;-0.5361918527523549;2282.2822822822814;200.80861474248843;4.47346632799162
-8.83883883883884;-0.5529820960126477;2322.3223223223213;200.36430650956692;4.489474571393952
-8.81881881881882;-0.5695507107869562;2362.3623623623616;199.919929719771;4.505484377435803
-8.7987987987988;-0.5858910565763678;2402.4024024024015;199.4754850437906;4.5215118082927885
-8.77877877877878;-0.6019965843693973;2442.4424424424415;199.03097319140483;4.5375730053968875
-8.75875875875876;-0.6178608392667517;2482.482482482482;198.5863949114544;4.553684241697578
-8.73873873873874;-0.6334774630683744;2522.5225225225217;198.1417509918;4.569861974825742
-8.71871871871872;-0.6488401968217344;2562.5625625625617;197.6970422592678;4.5861229015314
-8.6986986986987;-0.6639428833303387;2602.6026026026016;197.2522695795812;4.602484013781441
-8.67867867867868;-0.6787794696214611;2642.6426426426415;196.80743385727936;4.6189626569234505
-8.65865865865866;-0.6933440093721002;2682.682682682682;196.36253603562207;4.635576590346682
-8.63863863863864;-0.7076306652921932;2722.7227227227218;195.91757709648152;4.652344051101866
-8.618618618618619;-0.7216337114641305;2762.7627627627617;195.47255806022036;4.669283820978232
-8.598598598598599;-0.7353475356376338;2802.802802802802;195.02747998555637;4.686415297579793
-8.578578578578579;-0.7487666414790775;2842.842842842842;194.58234396941378;4.7037585699942275
-8.558558558558559;-0.7618856507743523;2882.882882882882;194.13715114676125;4.721334499707799
-8.538538538538539;-0.7746993055843884;2922.9229229229218;193.69190269043622;4.7391648074898125
-8.518518518518519;-0.7872024703524724;2962.9629629629617;193.24659981095604;4.757272167051544
-8.498498498498499;-0.7993901339625163;3003.003003003002;192.80124375631584;4.775680306379313
-8.478478478478479;-0.8112574117474525;3043.043043043042;192.35583581177295;4.79441411775123
-8.458458458458459;-0.8227995474469475;3083.083083083082;191.9103772996181;4.813499777574813
-8.438438438438439;-0.8340119151136544;3123.1231231231222;191.46486957893333;4.832964877331077
-8.418418418418419;-0.844890020967235;3163.163163163162;191.01931404533687;4.85283856708325
-8.398398398398399;-0.8554295051954133;3203.203203203202;190.57371213071468;4.873151713209431
-8.378378378378379;-0.8656261437013343;3243.243243243242;190.12806530293912;4.893937072253227
-8.358358358358359;-0.8754758497965313;3283.283283283282;189.68237506557426;4.915229483060972
-8.338338338338339;-0.8849746758388201;3323.3233233233223;189.23664295756868;4.937066079695881
-8.318318318318319;-0.8941188148144662;3363.363363363362;188.79087055293513;4.9594865279976315
-8.298298298298299;-0.9029046018639898;3403.403403403402;188.34505946041727;4.982533289101203
-8.278278278278279;-0.9113285157509965;3443.4434434434424;187.89921132314376;5.006251913754983
-8.258258258258259;-0.9193871802734458;3483.4834834834824;187.45332781827003;5.030691371901418
-8.238238238238239;-0.9270773656167921;3523.5235235235223;187.00741065660665;5.055904422724307
-8.218218218218219;-0.9343959896484549;3563.563563563562;186.5614615822363;5.081948031249934
-8.198198198198199;-0.9413401191531;3603.603603603602;186.11548237211719;5.108883838645949
-8.178178178178179;-0.9479069710082361;3643.6436436436425;185.66947483567546;5.136778694630341
-8.158158158158159;-0.954093913299657;3683.6836836836824;185.22344081438408;5.165705261931727
-8.138138138138139;-0.9598984663762802;3723.7237237237223;184.77738218133078;5.19574270459168
-8.118118118118119;-0.9653183038439612;3763.7637637637627;184.33130084077322;5.226977474146706
-8.098098098098099;-0.9703512534978839;3803.8038038038026;183.885198727683;5.259504210468649
-8.078078078078079;-0.9749952981931534;3843.8438438438425;183.43907780727722;5.2934267774016535
-8.058058058058059;-0.9792485766532438;3883.8838838838824;182.99294007453912;5.328859457469992
-8.038038038038039;-0.9831093842159745;3923.9239239239223;182.54678755372694;5.365928335049113
-8.018018018018019;-0.9865761735167184;3963.9639639639627;182.10062229787133;5.40477290375774
-7.997997997997998;-0.9896475551085667;4004.0040040040053;181.65444638826165;5.445547941789322
-7.977977977977978;-0.9923222980192021;4044.044044044045;181.20826193392173;5.48842570891297
-7.957957957957958;-0.9945993302442578;4084.0840840840856;180.76207107107376;5.533598531541993
-7.937937937937938;-0.9964777391769638;4124.124124124126;180.31587596259226;5.58128185839903
-7.917917917917918;-0.9979567719739082;4164.164164164165;179.8696787974471;5.631717889984984
-7.897897897897898;-0.9990358358567683;4204.204204204206;179.42348179013632;5.685179911755164
-7.877877877877878;-0.9997144983498878;4244.244244244245;178.97728718010825;5.7419774956309375
-7.857857857857858;-0.9999924874536094;4284.284284284286;178.531097231174;5.802462780004569
-7.837837837837838;-0.9998696917532874;4324.324324324326;178.08491423090987;5.867038098597573
-7.817817817817818;-0.9993461604639423;4364.364364364365;177.63874049005;5.936165308858488
-7.797797797797798;-0.9984221034105357;4404.404404404406;177.19257834186934;6.010377278795958
-7.777777777777778;-0.9970978909438748;4444.444444444445;176.74643014155762;6.090292138424541
-7.757757757757758;-0.9953740537921808;4484.484484484486;176.30029826558356;6.176631104683658
-7.737737737737738;-0.993251282848379;4524.524524524526;175.8541851110508;6.270240970940133
-7.717717717717718;-0.9907304288931978;4564.564564564565;175.40809309504436;6.3721227502906945
-7.697697697697698;-0.9878125022541857;4604.604604604606;174.96202465396897;6.483468531207395
-7.677677677677678;-0.9844986724007847;4644.644644644646;174.5159822428788;6.605709430544412
-7.657657657657658;-0.9807902674756208;4684.684684684686;174.0699683347991;6.740578748420393
-7.637637637637638;-0.9766887737622012;4724.724724724726;173.62398542003987;6.890196261252517
-7.617617617617618;-0.9721958350892294;4764.764764764766;173.17803600550172;7.057182394979105
-7.597597597597598;-0.9673132521717789;4804.804804804806;172.7321226139743;7.244815411846199
-7.5775775775775776;-0.9620429818895888;4844.844844844846;172.28624778342734;7.457251783345415
-7.5575575575575575;-0.9563871365027696;4884.884884884886;171.84041406629476;7.699841510369806
-7.5375375375375375;-0.9503479828052361;4924.924924924926;171.3946240287517;7.979589808883119
-7.5175175175175175;-0.9439279412162028;4964.964964964966;170.94888024998534;8.305851071078655
-7.4974974974974975;-0.9371295848101103;5005.005005005006;170.5031853214586;8.691403915392328
-7.4774774774774775;-0.9299556382853682;5045.045045045046;170.05754184616887;9.154176077472133
-7.4574574574574575;-0.9224089768723288;5085.085085085086;169.6119524378997;9.720128766585859
-7.4374374374374375;-0.9144926251809302;5125.125125125126;169.16641972046767;10.428324497177382
-7.4174174174174174;-0.9062097559884696;5165.165165165166;168.72094632696343;11.34038521311605
-7.397397397397397;-0.8975636889679922;5205.205205205206;168.27553489898764;12.559526709619819
-7.377377377377377;-0.8885578893578074;5245.245245245246;167.83018808588253;14.27277768660408
-7.357357357357357;-0.8791959665726632;5285.285285285287;167.38490854395818;16.85772172847561
-7.337337337337337;-0.8694816727571366;5325.325325325326;166.93969893571477;21.208125481392006
-7.317317317317317;-0.85941890128182;5365.365365365366;166.49456192906104;30.074006819586383
-7.297297297297297;-0.8490116851829056;5405.405405405407;166.0495001965283;58.08504165864454
-7.277277277277277;-0.8382641955457937;5445.445445445446;165.60451641448157;-670.4763450144511
-7.257257257257257;-0.8271807398333726;5485.485485485487;165.15961326232696;-42.36155654524641
-7.237237237237237;-0.8157657601596398;5525.525525525526;164.7147934217163;-19.93636230449997
-7.217217217217217;-0.8040238315093564;5565.565565565566;164.27005957574931;-12.099890345555577
-7.197197197197197;-0.7919596599044503;5605.605605605607;163.82541440817272;-8.10945460786296
-7.177177177177177;-0.7795780805178981;5645.645645645646;163.3808606025778;-5.691108958155301
-7.157157157157157;-0.7668840557358485;5685.685685685687;162.93640084159608;-4.0683912549323695
-7.137137137137137;-0.7538826731687571;5725.725725725726;162.4920378060931;-2.903887416303901
-7.117117117117117;-0.7405791436123347;5765.765765765766;162.04777417436128;-2.0273427684454104
-7.097097097097097;-0.7269787989591237;5805.805805805807;161.6036126213115;-1.343553468660807
-7.077077077077077;-0.7130870900615405;5845.845845845846;161.15955581766468;-0.795116888704527
-7.057057057057057;-0.6989095845472408;5885.885885885887;160.7156064291419;-0.34536412308354425
-7.037037037037037;-0.6844519645876814;5925.925925925927;160.2717671156557;0.030226088805886953
-7.017017017017017;-0.6697200246207758;5965.9659659659665;159.82804053050072;0.34867307820837556
-6.996996996996997;-0.6547196690285537;6006.006006006007;159.3844293195452;0.6221594165073916
-6.976976976976977;-0.6394569097707568;6046.046046046047;158.94093612042343;0.8596352536943606
-6.956956956956957;-0.6239378639753186;6086.086086086087;158.49756356172924;1.0678238015500359
-6.936936936936937;-0.6081687514866941;6126.126126126127;158.05431426221102;1.2518734796903073
-6.916916916916917;-0.5921558923730218;6166.1661661661665;157.61119082996845;1.415793570466092
-6.896896896896897;-0.5759057043931175;6206.206206206207;157.16819586165153;1.5627528330110656
-6.876876876876877;-0.5594247004243145;6246.246246246247;156.72533194166172;1.6952888638331318
-6.856856856856857;-0.5427194858521823;6286.286286286287;156.2826016413561;1.8154578505847896
-6.836836836836837;-0.5257967559231681;6326.326326326327;155.84000751825448;1.9249436212145663
-6.816816816816817;-0.5086632930612236;6366.3663663663665;155.39755211524974;2.0251383371208354
-6.796796796796797;-0.49132596414949214;6406.406406406407;154.9552379598221;2.1172030753828683
-6.776776776776776;-0.47379171777814527;6446.446446446447;154.51306756325738;2.202113914511922
-6.756756756756756;-0.45606758145947496;6486.486486486487;154.07104341986914;2.2806974155508204
-6.736736736736736;-0.438160658811348;6526.526526526527;153.62916800622625;2.3536582403705957
-6.716716716716716;-0.42007812671016564;6566.566566566567;153.18744378038463;2.421600867694466
-6.696696696696696;-0.40182723241445795;6606.606606606607;152.74587318112498;2.485046827921783
-6.676676676676676;-0.3834152906602712;6646.646646646647;152.30445862719563;2.5444484998058226
-6.656656656656656;-0.3648496807295105;6686.686686686688;151.86320251656144;2.6002002435065017
-6.636636636636636;-0.34613784349241394;6726.726726726727;151.42210722565932;2.6526474513568727
-6.616616616616616;-0.32728727842534194;6766.766766766767;150.98117510865976;2.7020939570681914
-6.596596596596596;-0.3083055406050789;6806.806806806807;150.54040849673578;2.748808140624881
-6.576576576576576;-0.28920023768085035;6846.846846846847;150.09980969733877;2.793027989198585
-6.556556556556556;-0.2699790268252698;6886.886886886888;149.65938099348222;2.834965316679548
-6.536536536536536;-0.2506496116654374;6926.926926926927;149.21912464303287;2.8748093007072724
-6.516516516516516;-0.23121973919541985;6966.966966966967;148.7790428780106;2.9127294626999856
-6.496496496496496;-0.2116971966713498;7007.007007007007;148.33913790389653;2.948878190689091
-6.476476476476476;-0.19208980849038834;7047.047047047047;147.89941189894995;2.9833928848419125
-6.456456456456456;-0.17240543305480197;7087.087087087088;147.45986701353462;3.016397789998677
-6.436436436436436;-0.15265195962241077;7127.127127127127;147.02050536945438;3.048005567320286
-6.416416416416416;-0.13283730514467001;7167.1671671671675;146.58132905929872;3.078318647469417
-6.396396396396396;-0.11296941109365241;7207.207207207208;146.14234014579847;3.1074304000490414
-6.376376376376376;-0.09305624027920295;7247.247247247247;145.7035406611916;3.1354261478612955
-6.356356356356356;-0.07310577365754167;7287.287287287288;145.26493260660052;3.1623840495921787
-6.336336336336336;-0.05312600713259372;7327.327327327328;144.8265179514197;3.188375870517991
-6.316316316316316;-0.033124948351328454;7367.3673673673675;144.388298632715;3.213467657570734
-6.296296296296296;-0.013110613494392114;7407.407407407408;143.95027655463497;3.2377203324387707
-6.276276276276276;0.006908975936679697;7447.447447447447;143.51245358783365;3.261190214196602
-6.256256256256256;0.026925796334382093;7487.487487487488;143.0748315689061;3.283929481159932
-6.236236236236236;0.04693182520100502;7527.527527527528;142.63741229983646;3.3059865801754604
-6.216216216216216;0.06691904436395259;7567.5675675675675;142.20019754745877;3.327406590320432
-6.196196196196196;0.08687944318932893;7607.607607607608;141.7631890429314;3.3482315469583037
-6.176176176176176;0.1068050217925027;7647.647647647647;141.32638848122465;3.3685007312365665
-6.156156156156156;0.1266877942443633;7687.687687687688;140.88979752062247;3.388250929390871
-6.136136136136136;0.146519791771984;7727.727727727728;140.45341778223812;3.4075166656118174
-6.116116116116116;0.16629306595240897;7767.7677677677675;140.01725084954452;3.4263304117175895
-6.096096096096096;0.18599969189828447;7807.807807807808;139.58129826791907;3.444722776440954
-6.076076076076076;0.20563177143405698;7847.847847847848;139.1455615442036;3.4627226767700328
-6.056056056056056;0.22518143626146586;7887.887887887888;138.71004214627962;3.4803574934680075
-6.036036036036036;0.24464085111306133;7927.927927927928;138.27474150265937;3.4976532126286917
-6.016016016016016;0.2640022168924842;7967.967967967968;137.83966100209224;3.514634554895494
-5.995995995995996;0.2832577738002487;8008.008008008008;137.4048019931879;3.531325093774737
-5.975975975975976;0.3023998044437755;8048.048048048048;136.9701657840554;3.547747364305455
-5.955955955955956;0.32142063693042877;8088.088088088088;136.53575364195947;3.5639229632028018
-5.935935935935936;0.340312647942317;8128.128128128128;136.10156679299314;3.5798726414672397
-5.915915915915916;0.3590682657916262;8168.168168168168;135.66760642176828;3.5956163903442526
-5.895895895895896;0.3776799734552599;8208.208208208209;135.23387367112312;3.6111735214266836
-5.875875875875876;0.3961403115875705;8248.248248248248;134.8003696418478;3.626562741612143
-5.8558558558558556;0.41444188150997424;8288.288288288288;134.36709539242787;3.641802223559416
-5.8358358358358355;0.43257734817625115;8328.328328328329;133.93405193880602;3.6569096722291143
-5.8158158158158155;0.4505394431123424;8368.368368368368;133.50124025416238;3.6719023880436614
-5.7957957957957955;0.46832096732946604;8408.408408408408;133.06866126871353;3.686797327159171
-5.7757757757757755;0.48591479420938416;8448.44844844845;132.63631586953056;3.701611159305988
-5.7557557557557555;0.5033138723606644;8488.488488488489;132.20420490037637;3.7163603236249063
-5.7357357357357355;0.5205112284447917;8528.528528528528;131.7723291615624;3.7310610829019137
-5.7157157157157155;0.5374999699709978;8568.568568568568;131.34068940982505;3.745729576585094
-5.6956956956956954;0.5542732880586871;8608.608608608609;130.90928635822218;3.7603818729529084
-5.675675675675675;0.5708244601663532;8648.648648648648;130.47812067604954;3.775034020793034
-5.655655655655655;0.5871468527858918;8688.688688688688;130.0471929887777;3.7897021009451963
-5.635635635635635;0.6032339241012297;8728.728728728729;129.6165038780097;3.804402278059828
-5.615615615615615;0.6190792266102049;8768.768768768768;129.18605388145897;3.819150852926925
-5.595595595595595;0.634676409708647;8808.808808808808;128.75584349294905;3.8339643157361634
-5.575575575575575;0.6500192222356224;8848.84884884885;128.3258731624337;3.8488594006403436
-5.555555555555555;0.6651015149788224;8888.888888888889;127.89614329603904;3.8638531420097277
-5.535535535535535;0.679917243139094;8928.928928928928;127.46665425612682;3.8789629327850923
-5.515515515515515;0.6944604687531201;8968.96896896897;127.03740636137972;3.89420658536273
-5.495495495495495;0.7087253630732843;9009.009009009009;126.60839988690861;3.9096023954756975
-5.475475475475475;0.722706208903761;9049.049049049048;126.17963506438176;3.925169209572835
-5.455455455455455;0.7363974028918983;9089.089089089088;125.75111208217655;3.940926496241265
-5.435435435435435;0.7497934577739731;9129.129129129129;125.32283108555359;3.9568944222700715
-5.415415415415415;0.7628890045744201;9169.169169169169;124.89479217685341;3.973093934013625
-5.395395395395395;0.7756787947576509;9209.209209209208;124.46699541571624;3.989546844783956
-5.375375375375375;0.788157702331604;9249.24924924925;124.03944081932428;4.006275929083949
-5.355355355355355;0.8003207259021795;9289.289289289289;123.61212836266765;4.023305024588965
-5.335335335335335;0.812162990677737;9329.329329329328;123.18505797883307;4.040659142895647
-5.315315315315315;0.8236797504228527;9369.36936936937;122.75822955931652;4.058364590185825
-5.295295295295295;0.8348663893605527;9409.409409409409;122.33164295435886;4.076449099103568
-5.275275275275275;0.8457184240222602;9449.449449449448;121.90529797330554;4.094941973318049
-5.255255255255255;0.8562315050447148;9489.48948948949;121.47919438499011;4.1138742464484315
-5.235235235235235;0.8664014189131451;9529.52952952953;121.05333191814154;4.133278857264605
-5.215215215215215;0.8762240896499932;9569.569569569569;120.62771026181557;4.153190843355465
-5.195195195195195;0.885695580448517;9609.60960960961;120.20232906585053;4.173647555782271
-5.175175175175175;0.894812095250615;9649.64964964965;119.77718794134724;4.194688897617485
-5.155155155155155;0.9035699802682392;9689.689689689689;119.35228646117322;4.216357589720635
-5.135135135135135;0.9119657254477898;9729.72972972973;118.92762416049192;4.238699467635725
-5.115115115115115;0.9199959658769008;9769.76976976977;118.50320053731599;4.261763814126435
-5.095095095095095;0.9276574831330572;9809.809809809809;118.07901505308567;4.285603732616087
-5.075075075075075;0.9349472065734983;9849.849849849848;117.65506713327201;4.310276567694853
-5.055055055055055;0.9418622145658946;9889.88988988989;117.23135616800471;4.33584437992816
-5.035035035035035;0.9483997356593021;9929.92992992993;116.80788151272529;4.362374483487111
-5.015015015015015;0.9545571496949268;9969.969969969969;116.3846424888653;4.3899400566730264
-4.994994994994995;0.960331988856251;10010.01001001001;115.96163838454967;4.418620837285561
-4.974974974974975;0.9657219386581056;10050.05005005005;115.53886845532529;4.448503917065236
-4.954954954954955;0.9707248388742866;10090.090090090089;115.11633192491502;4.479684652225473
-4.934934934934935;0.9753386844033478;10130.13013013013;114.69402798599724;4.51226771050251
-4.914914914914915;0.979561626072221;10170.17017017017;114.27195580101056;4.546368279355856
-4.894894894894895;0.9833919713773418;10210.210210210209;113.85011450298455;4.582113465156144
-4.874874874874875;0.9868281851629849;10250.25025025025;113.42850319639572;4.619643919672669
-4.854854854854855;0.9898688902365352;10290.29029029029;113.00712095804953;4.659115738274281
-4.834834834834835;0.9925128679204505;10330.33033033033;112.58596683798793;4.700702684451043
-4.814814814814815;0.9947590585406917;10370.370370370369;112.16503986042295;4.74459880816838
-4.794794794794795;0.9966065618514283;10410.41041041041;111.74433902469609;4.791021542005554
-4.774774774774775;0.9980546373958451;10450.45045045045;111.32386330626372;4.840215380116266
-4.754754754754755;0.9991027048029089;10490.490490490489;110.9036116577085;4.8924562722870695
-4.734734734734735;0.9997503440199734;10530.53053053053;110.48358300977691;4.948056900820168
-4.714714714714715;0.9999972954811321;10570.57057057057;110.06377627244302;5.007373054477926
-4.694694694694695;0.9998434602112485;10610.610610610609;109.64419033599836;5.070811375268469
-4.674674674674675;0.9992888998656242;10650.65065065065;109.22482407216812;5.138838836023746
-4.654654654654655;0.9983338367052883;10690.69069069069;108.80567633525376;5.211994417504272
-4.634634634634635;0.9969786535079181;10730.73073073073;108.38674596330205;5.29090360467278
-4.614614614614615;0.9952238934144263;10770.77077077077;107.96803177930038;5.3762965296370275
-4.594594594594595;0.9930702597112765;10810.81081081081;107.54953259239895;5.4690308784951185
-4.574574574574575;0.9905186155486146;10850.85085085085;107.1312471991593;5.570121088398973
-4.554554554554555;0.9875699835943296;10890.89089089089;106.71317438482971;5.680775946828737
-4.534534534534535;0.9842255456241793;10930.93093093093;106.2953129246472;5.802447556314445
-4.514514514514515;0.9804866420481503;10970.97097097097;105.87766158516658;5.936895885546217
-4.494494494494495;0.9763547713732371;11011.01101101101;105.46021912561622;6.0862750197091735
-4.474474474474475;0.9718315896028593;11051.05105105105;105.04298429928093;6.253250125371137
-4.454454454454455;0.9669189095731556;11091.09109109109;104.62595585491194;6.441158696000657
-4.434434434434435;0.9616187002264206;11131.13113113113;104.20913253816397;6.654236953248935
-4.414414414414415;0.9559330858219774;11171.17117117117;103.7925130930598;6.897944338262961
-4.394394394394395;0.9498643450848;11211.21121121121;103.37609626348195;7.179439533495543
-4.374374374374375;0.943414910292228;11251.25125125125;102.95988079469211;7.508297537961062
-4.354354354354355;0.93658736629914;11291.29129129129;102.54386543487797;7.897623335646511
-4.334334334334335;0.9293844495019744;11331.33133133133;102.12804893672804;8.365844042549249
-4.314314314314315;0.9218090467420161;11371.37137137137;101.71243005903405;8.939716272407331
-4.2942942942942945;0.9138641941483847;11411.41141141141;101.29700756832163;9.659632561186628
-4.2742742742742745;0.9055530759211916;11451.45145145145;100.88178024050896;10.589576764157881
-4.2542542542542545;0.896879023055351;11491.49149149149;100.46674686259388;11.837292714769035
-4.2342342342342345;0.8878455120055583;11531.531531531531;100.05190623436937;13.599411461636246
-4.2142142142142145;0.8784561632929684;11571.57157157157;99.6372571701677;16.276933870560192
-4.1941941941941945;0.8687147400541362;11611.61161161161;99.22279850063353;20.833961553967335
-4.1741741741741745;0.8586251465327962;11651.65165165165;98.80852907452594;30.320816453960106
-4.1541541541541545;0.84819142651509;11691.69169169169;98.39444776054981;62.167456127673645
-4.134134134134134;0.8374177617088655;11731.73173173173;97.98055344921659;-326.42732576027095
-4.114114114114114;0.8263084700676998;11771.77177177177;97.56684505473493;-40.07785313626243
-4.094094094094094;0.8148680040603158;11811.811811811811;97.15332151693111;-19.915154843072433
-4.074074074074074;0.8031009488860867;11851.85185185185;96.73998180319997;-12.547776652380593
-4.054054054054054;0.7910120206373449;11891.89189189189;96.32682491048597;-8.729409101492234
-4.034034034034034;0.7786060644092284;11931.931931931931;95.9138498672956;-6.393266015718161
-4.014014014014014;0.7658880523578266;11971.97197197197;95.50105573574047;-4.816486304625682
-3.9939939939939944;0.7528630817074007;12012.01201201201;95.08844161361216;-3.680521843692696
-3.9739739739739743;0.7395363727074777;12052.052052052051;94.67600663648886;-2.823138005489422
-3.9539539539539543;0.7259132665406387;12092.09209209209;94.26374997987409;-2.153010338282619
-3.9339339339339343;0.7119992231818373;12132.13213213213;93.85167086136829;-1.6147985625507806
-3.9139139139139143;0.6977998192101091;12172.172172172171;93.43976854287317;-1.1730123199547666
-3.8938938938938943;0.6833207455735457;12212.212212212211;93.02804233282973;-0.8038434770927005
-3.8738738738738743;0.6685678053084332;12252.25225225225;92.61649158849018;-0.490724712474953
-3.8538538538538543;0.6535469112134646;12292.292292292292;92.20511571822412;-0.22177118963915587
-3.8338338338338342;0.6382640834799636;12332.332332332331;91.79391418385995;0.011764670919134801
-3.8138138138138142;0.6227254472790639;12372.37237237237;91.38288650306154;0.21646439457369038
-3.7937937937937942;0.6069372303068165;12412.41241241241;90.9720322517411;0.3973749058436402
-3.773773773773774;0.590905760288204;12452.452452452451;90.56135106650851;0.558431254266583
-3.753753753753754;0.5746374624410662;12492.49249249249;90.15084264715821;0.7027469041715784
-3.733733733733734;0.5581388569009507;12532.53253253253;89.74050675919379;0.8328175925423
-3.713713713713714;0.541416556107922;12572.572572572572;89.33034323639147;0.9506673592740675
-3.693693693693694;0.5244772621563766;12612.612612612611;88.92035198340258;1.0579550236981254
-3.673673673673674;0.5073277641089246;12652.65265265265;88.51053297839664;1.1560530667080182
-3.653653653653654;0.48997493527541625;12692.692692692692;88.10088627574498;1.2461069163835432
-3.633633633633634;0.47242573045820363;12732.732732732731;87.69141200874628;1.329080091097048
-3.613613613613614;0.4546871831647401;12772.77277277277;87.2821103923949;1.405788985659626
-3.593593593593594;0.4367664027886363;12812.812812812812;86.87298172619249;1.476929970677121
-3.573573573573573;0.41867057176030115;12852.852852852853;86.46402639700429;1.5431007164864117
-3.553553553553553;0.4004069426683143;12892.892892892894;86.0552448819611;1.6048171285088115
-3.533533533533533;0.3819828353526723;12932.932932932934;85.64663775140745;1.6625269128934363
-3.513513513513513;0.36340563397108927;12972.972972972973;85.23820567189786;1.7166205296679335
-3.493493493493493;0.3446827840395153;13013.013013013015;84.82994940924156;1.7674401022027981
-3.473473473473473;0.3258217894480647;13053.053053053054;84.42186983159758;1.815286714534176
-3.453453453453453;0.3068302094535482;13093.093093093094;84.01396791262086;1.8604264270016508
-3.433433433433433;0.28771565564981477;13133.133133133135;83.6062447346609;1.9030952654512707
-3.413413413413413;0.2684857889171177;13173.173173173174;83.19870149201469;1.9435033827707202
-3.393393393393393;0.24914831635172727;13213.213213213214;82.79133949423445;1.9818385487234118
-3.373373373373373;0.2297109881770201;13253.253253253255;82.38416016949266;2.01826909134488
-3.353353353353353;0.21018159463728442;13293.293293293294;81.97716506800516;2.0529463879792953
-3.333333333333333;0.19056796287548494;13333.333333333334;81.57035586551443;2.0860069844938116
-3.313313313313313;0.1708779537962393;13373.373373373375;81.1637343668342;2.117574405941988
-3.293293293293293;0.1511194589152633;13413.413413413415;80.75730250945782;2.147760709940772
-3.273273273273273;0.13130039719654762;13453.453453453454;80.35106236723131;2.1766678245231468
-3.253253253253253;0.11142871187853344;13493.493493493494;79.94501615409395;2.2043887046632675
-3.233233233233233;0.09151236729055937;13533.533533533535;79.5391662278875;2.231008335613767
-3.213213213213213;0.0715593456608552;13573.573573573574;79.13351509423664;2.2566046063191103
-3.193193193193193;0.05157764391736219;13613.613613613614;78.72806541050247;2.2812490722239107
-3.173173173173173;0.0315752704826617;13653.653653653655;78.32281998981136;2.305007623587657
-3.153153153153153;0.01156024206429703;13693.693693693695;77.91778180516145;2.3279410727973535
-3.133133133133133;-0.008459419558225233;13733.733733733734;77.51295399360897;2.3501056720199713
-3.113113113113113;-0.02847569074846675;13773.773773773775;77.10833986053726;2.3715535707654385
-3.093093093093093;-0.048480549228833124;13813.813813813815;76.70394288401044;2.3923332214656132
-3.073073073073073;-0.06846597729580502;13853.853853853854;76.29976671921494;2.4124897399577456
-3.053053053053053;-0.08842396503333602;13893.893893893895;75.89581520299127;2.4320652267465226
-3.033033033033033;-0.10834651352312938;13933.933933933935;75.49209235845896;2.4510990540701885
-3.013013013013013;-0.12822563805050705;13973.973973973974;75.08860239973774;2.469628123083963
-2.992992992992993;-0.14805337130458596;14014.014014014014;74.68534973676783;2.4876870948741843
-2.972972972972973;-0.1678217665714792;14054.054054054055;74.28233898023257;2.5053085985100085
-2.952952952952953;-0.1875229009192421;14094.094094094095;73.87957494658669;2.522523418910368
-2.932932932932933;-0.20714887837328672;14134.134134134134;73.47706266319365;2.539360666939366
-2.9129129129129128;-0.22669183308099244;14174.174174174175;73.07480737357535;2.555847933832894
-2.8928928928928928;-0.2461439324642437;14214.214214214215;72.67281454277816;2.572011431794277
-2.8728728728728727;-0.26549738035863185;14254.254254254254;72.27108986285864;2.5878761223700977
-2.8528528528528527;-0.28474442013806306;14294.294294294295;71.86963925849321;2.6034658340230714
-2.8328328328328327;-0.30387733782351917;14334.334334334335;71.46846889271546;2.61880337015203
-2.8128128128128127;-0.3228884651747269;14374.374374374374;71.06758517278553;2.6339106086656843
-2.7927927927927927;-0.3417701827634948;14414.414414414416;70.66699475619546;2.648808594093394
-2.7727727727727727;-0.36051492302748744;14454.454454454455;70.26670455681538;2.6635176231099282
-2.7527527527527527;-0.379115173303212;14494.494494494495;69.86672175118473;2.678057324259631
-2.7327327327327327;-0.3975634788370023;14534.534534534536;69.46705378495328;2.6924467325866797
-2.7127127127127126;-0.4158524457727935;14574.574574574575;69.06770837947714;2.7067043598104163
-2.6926926926926926;-0.4339747441154891;14614.614614614615;68.66869353857408;2.720848260626733
-2.6726726726726726;-0.4519231106687339;14654.654654654656;68.27001755544399;2.7348960956669663
-2.6526526526526526;-0.4696903519459145;14694.694694694695;67.87168901975934;2.7488651916037816
-2.6326326326326326;-0.4872693470532213;14734.734734734735;67.47371682493129;2.762772598858197
-2.6126126126126126;-0.5046530505436155;14774.774774774774;67.07611017555686;2.7766351473326347
-2.5925925925925926;-0.5218344952405592;14814.814814814816;66.67887859505329;2.790469500571075
-2.5725725725725725;-0.5388067950303739;14854.854854854855;66.282031933485;2.80429220872858
-2.5525525525525525;-0.5555631476221117;14894.894894894895;65.88558037558968;2.8181197607183717
-2.5325325325325325;-0.5720968372738302;14934.934934934936;65.48953444900944;2.8319686358949547
-2.5125125125125125;-0.5884012374841805;14974.974974974975;65.09390503273362;2.8458553556263446
-2.4924924924924925;-0.6044698136482276;15015.015015015015;64.6987033657596;2.859796535107181
-2.4724724724724725;-0.620296125676441;15055.055055055056;64.30394105597847;2.87380893576735
-2.4524524524524525;-0.6358738305758035;15095.095095095096;63.90963008929238;2.887909518637787
-2.4324324324324325;-0.6511966849920062;15135.135135135135;63.515782838970495;2.902115499046433
-2.4124124124124124;-0.6662585477117084;15175.175175175176;63.12241207525072;2.916444403033201
-2.3923923923923924;-0.6810533821238611;15215.215215215216;62.72953097519451;2.9309141258934357
-2.3723723723723724;-0.6955752586391073;15255.255255255255;62.33715313280222;2.945542993285188
-2.3523523523523524;-0.7098183570662889;15295.295295295295;61.945292569396415;2.9603498253671225
-2.3323323323323324;-0.7237769689451088;15335.335335335336;61.55396374428081;2.975354004471633
-2.3123123123123124;-0.7374454998340119;15375.375375375375;61.16318156568283;2.9905755468624946
-2.2922922922922924;-0.7508184715523694;15415.415415415415;60.77296140198718;3.006035179178986
-2.2722722722722724;-0.7638905243760662;15455.455455455456;60.38331909326898;3.0217544202299558
-2.2522522522522523;-0.776656419185614;15495.495495495496;59.99427096313387;3.037755668873035
-2.2322322322322323;-0.7891110395659257;15535.535535535535;59.60583383087365;3.0540622987975787
-2.2122122122122123;-0.8012493938569127;15575.575575575576;59.218025023945124;3.0706987611268173
-2.1921921921921923;-0.8130666171540815;15615.615615615616;58.83086239078061;3.087690695867182
-2.1721721721721723;-0.8245579732583272;15655.655655655655;58.44436431393799;3.105065053363424
-2.1521521521521523;-0.835718856574146;15695.695695695696;58.058549723598375;3.1228502270700167
-2.1321321321321323;-0.8465447939555004;15735.735735735736;57.67343811141946;3.141076199126061
-2.1121121121121122;-0.8570314464986021;15775.775775775775;57.28904954475232;3.159774700426878
-2.0920920920920922;-0.8671746112808921;15815.815815815817;56.90540468122948;3.178979387125949
-2.0720720720720722;-0.8769702230455201;15855.855855855856;56.52252478373177;3.1987260357822036
-2.052052052052052;-0.8864143558306506;15895.895895895896;56.14043173574122;3.219052759697516
-2.032032032032032;-0.8955032245429405;15935.935935935937;55.759148057087195;3.240000249377027
-2.012012012012012;-0.9042331864745576;15975.975975975976;55.37869692009232;3.2616120405018383
-1.9919919919919913;-0.9126007427631351;16016.016016016016;54.999102166124565;3.2839348133436648
-1.9719719719719713;-0.9206025397940705;16056.056056056059;54.62038832256149;3.3070187281910863
-1.9519519519519513;-0.9282353705446162;16096.096096096097;54.2425806201716;3.3309178021181176
-1.9319319319319312;-0.9354961758692136;16136.13613613614;53.86570501091799;3.35569033333364
-1.9119119119119112;-0.9423820457255618;16176.176176176175;53.4897881861879;3.3813993804369438
-1.8918918918918912;-0.9488902203409267;16216.216216216219;53.11485759545167;3.4081133052100547
-1.8718718718718712;-0.9550180913182247;16256.256256256256;52.74094146535311;3.435906389151667
-1.8518518518518512;-0.9607632026814363;16296.2962962963;52.368068819232946;3.4648595358631535
-1.8318318318318312;-0.9661232518599315;16336.336336336337;51.996269497085244;3.4950610737135874
-1.8118118118118112;-0.971096090611312;16376.376376376378;51.62557417594577;3.5266076760387928
-1.7917917917917912;-0.9756797258823999;16416.416416416418;51.2560143907099;3.559605419597675
-1.7717717717717711;-0.9798723206080308;16456.45645645646;50.887622555375884;3.594171006282657
-1.7517517517517511;-0.983672194447325;16496.496496496497;50.520431984707734;3.630433178373065
-1.7317317317317311;-0.9870778244571496;16536.53653653654;50.154476916310095;3.668534364207801
-1.711711711711711;-0.9900878457024944;16576.576576576575;49.78979253310512;3.7086325993987
-1.691691691691691;-0.9927010518035211;16616.61661661662;49.426414986199504;3.7509037790853004
-1.671671671671671;-0.9949163954190666;16656.656656656658;49.06438141812677;3.79554430987736
-1.651651651651651;-0.9967329886664037;16696.6966966967;48.70372998644764;3.8427742468873785
-1.631631631631631;-0.9981501034770941;16736.736736736737;48.34449988768789;3.892841022758023
-1.611611611611611;-0.9991671718887893;16776.77677677678;47.9867313815901;3.9460239033812665
-1.591591591591591;-0.9997837862728629;16816.816816816816;47.630465815651846;4.002639341199786
-1.571571571571571;-0.9999996994977832;16856.85685685686;47.275745649919386;4.063047444496883
-1.551551551551551;-0.9998148250281604;16896.8968968969;46.92261448200113;4.127659843995919
-1.531531531531531;-0.9992292369594296;16936.936936936938;46.57111707226129;4.196949322155911
-1.511511511511511;-0.998243169988153;16976.976976976977;46.22129936914853;4.2714616839739215
-1.491491491491491;-0.9968570193179574;17017.01701701702;45.87320853460967;4.351830502738908
-1.471471471471471;-0.9950713405011415;17057.057057057056;45.52689296953244;4.438795587362116
-1.451451451451451;-0.9928868492160163;17097.0970970971;45.182402339155566;4.533226315346647
-1.431431431431431;-0.9903044209800709;17137.137137137135;44.83978759837733;4.636151395855014
-1.411411411411411;-0.9873250907990753;17177.17717717718;44.4991010168875;4.748797229885366
-1.391391391391391;-0.9839500527522628;17217.217217217218;44.16039620403942;4.87263791140704
-1.3713713713713709;-0.9801806595137577;17257.25725725726;43.823728133371574;5.009461210557038
-1.3513513513513509;-0.9760184218104397;17297.297297297297;43.48915316667934;5.16145683423148
-1.3313313313313309;-0.9714650078164637;17337.33733733734;43.15672907752868;5.331336262354993
-1.3113113113113108;-0.9665222424846748;17377.377377377376;42.82651507409446;5.522498174739043
-1.2912912912912908;-0.9611921068151903;17417.41741741742;42.49857182119571;5.739261073906582
-1.2712712712712708;-0.9554767370614388;17457.457457457458;42.17296146139033;5.98719726043266
-1.2512512512512508;-0.9493784238739755;17497.4974974975;41.849747634980275;6.273623713560992
-1.2312312312312308;-0.9428996113824182;17537.537537537537;41.52899549876775;6.608343185326133
-1.2112112112112108;-0.9360428962158689;17577.57757757758;41.21077174339028;7.004798119294734
-1.1911911911911908;-0.9288110264622171;17617.617617617616;40.8951446090513;7.481933141906294
-1.1711711711711708;-0.9212069005667397;17657.65765765766;40.58218389944975;8.067331623164957
-1.1511511511511507;-0.913233566170439;17697.6976976977;40.27196099369978;8.802773959725851
-1.1311311311311307;-0.904894218888586;17737.73773773774;39.9645488560186;9.754721183367142
-1.1111111111111107;-0.8961922010299561;17777.777777777777;39.66002204294724;11.03569805764358
-1.0910910910910907;-0.8871310002572728;17817.81781781782;39.35845670785591;12.852567150580407
-1.0710710710710707;-0.8777142481893948;17857.857857857856;39.05993060247258;15.631609985500587
-1.0510510510510507;-0.8679457189458076;17897.8978978979;38.764523075160334;20.414438028686252
-1.0310310310310307;-0.8578293276340025;17937.93793793794;38.472315065656424;30.595168290986184
-1.0110110110110107;-0.8473691287803486;17977.97797797798;38.18338909597419;67.175347213209
-0.9909909909909906;-0.8365693147050889;18018.018018018018;37.89782925715718;-215.7857770093445
-0.9709709709709706;-0.8254342138421087;18058.05805805806;37.61572119156456;-38.244044982492646
-0.9509509509509506;-0.8139682890041524;18098.098098098097;37.33715207035768;-20.00576457106102
-0.9309309309309306;-0.8021761355941828;18138.13813813814;37.06221056584929;-13.062243091091315
-0.9109109109109106;-0.7900624797635988;18178.178178178176;36.7909868183711;-9.400950198249163
-0.8908908908908906;-0.7776321765180522;18218.21821821822;36.52357239731063;-7.138731857360091
-0.8708708708708706;-0.7648902077716203;18258.258258258258;36.26006025596651;-5.601727172188838
-0.8508508508508505;-0.7518416803501156;18298.2982982983;36.000544679871666;-4.488942947348648
-0.8308308308308305;-0.738491823944332;18338.338338338337;35.745121228237785;-3.645694802931502
-0.8108108108108105;-0.7248459890140487;18378.37837837838;35.493886668180544;-2.9843408219929497
-0.7907907907907905;-0.7109096446436312;18418.418418418416;35.24693890139642;-2.4515105645055577
-0.7707707707707705;-0.6966883763500882;18458.45845845846;35.00437688297579;-2.012844726956416
-0.7507507507507505;-0.6821878838444655;18498.4984984985;34.766300532056455;-1.6452221288807918
-0.7307307307307305;-0.6674139787474705;18538.53853853854;34.53281063404512;-1.332512158951947
-0.7107107107107105;-0.652372582260246;18578.578578578577;34.304008734163624;-1.0631183121811145
-0.6906906906906904;-0.637069722791224;18618.61861861862;34.079997022110696;-0.8284895408687936
-0.6706706706706704;-0.6215115335400143;18658.658658658656;33.86087820767016;-0.6221819737904455
-0.6506506506506504;-0.6057042500392918;18698.6986986987;33.64675538714237;-0.4392473927149556
-0.6306306306306304;-0.5896542076556717;18738.73873873874;33.43773190052763;-0.27582298983815257
-0.6106106106106104;-0.5733678390505711;18778.778778778782;33.23391117944842;-0.12884913287972255
-0.5905905905905904;-0.5568516716020773;18818.818818818818;33.03539658586144;0.004129157808820949
-0.5705705705705704;-0.5401123247888537;18858.85885885886;32.84229124168083;0.12510462322148586
-0.5505505505505504;-0.523156507537134;18898.898898898897;32.65469784950978;0.2357117397443047
-0.5305305305305303;-0.5059910155318658;18938.93893893894;32.47271850475931;0.3373038370923942
-0.5105105105105103;-0.4886227284930825;18978.97897897898;32.29645449951933;0.4310111191708026
-0.4904904904904903;-0.4710586074185968;19019.019019019022;32.126006118637875;0.5177848865333454
-0.4704704704704703;-0.4533056917941159;19059.05905905906;31.9614724285585;0.5984316429837515
-0.4504504504504503;-0.4353710967719026;19099.0990990991;31.802951059562723;0.6736396869142276
-0.4304304304304303;-0.41726201031910837;19139.139139139137;31.65053798216284;0.7440000509763469
-0.41041041041041026;-0.39898569033692394;19179.17917917918;31.504327278488752;0.810023143611776
-0.39039039039039025;-0.3805494617517009;19219.21921921922;31.364410909610193;0.8721520877643114
-0.37037037037037024;-0.36196071357921034;19259.259259259263;31.23087847983055;0.9307734971216799
-0.3503503503503502;-0.34322689596321554;19299.2992992993;31.103816999079115;0.9862262464643414
-0.3303303303303302;-0.3243555171895451;19339.33933933934;30.98331064461348;1.0388086587015086
-0.3103103103103102;-0.30535414067686334;19379.379379379377;30.86944052332111;1.0887844324102152
-0.2902902902902902;-0.2862303819453444;19419.41941941942;30.762284435977023;1.1363875601604576
-0.2702702702702702;-0.26699190556446456;19459.45945945946;30.66191664487129;1.1818264326437529
-0.25025025025025016;-0.24764642208113605;19499.4994994995;30.568407646264713;1.2252872817171785
-0.23023023023023015;-0.22820168492941387;19539.53953953954;30.481823949160717;1.2669370834352927
-0.21021021021021014;-0.20866548732301396;19579.579579579582;30.402227861896527;1.3069260174533457
-0.19019019019019012;-0.18904565913188798;19619.619619619618;30.329677288054437;1.3453895600197339
-0.1701701701701701;-0.16935006374410697;19659.65965965966;30.26422553317428;1.3824502727939856
-0.1501501501501501;-0.14958659491431114;19699.699699699697;30.205921123710866;1.4182193379379524
-0.13013013013013008;-0.1297631735999892;19739.73973973974;30.154807639623435;1.4527978805937147
-0.11011011011011007;-0.10988774478685522;19779.77977977978;30.110923561909978;1.486278112427039
-0.09009009009009006;-0.08996827430459493;19819.819819819822;30.07430213630647;1.518744323960108
-0.07007007007007005;-0.07001274563425855;19859.85985985986;30.044971254261416;1.5502737486216194
-0.05005005005005003;-0.05002915670857861;19899.8998998999;30.02295335217033;1.5809373175607506
-0.03003003003003002;-0.030025516706496128;19939.939939939937;30.008265329714586;1.6108003211143924
-0.010010010010010006;-0.01000984284317918;19979.97997997998;30.00091848799611;1.6399229902373194
0.010010010010010006;0.01000984284317918;20020.02002002002;30.00091848799611;1.6683610090876528
0.03003003003003002;0.030025516706496128;20060.060060060063;30.008265329714586;1.6961659682148444
0.05005005005005003;0.05002915670857861;20100.1001001001;30.02295335217033;1.7233857663532184
0.07007007007007005;0.07001274563425855;20140.14014014014;30.044971254261416;1.7500649676243403
0.09009009009009006;0.08996827430459493;20180.180180180178;30.07430213630647;1.7762451199510978
0.11011011011011007;0.10988774478685522;20220.22022022022;30.110923561909978;1.801965039649272
0.13013013013013008;0.1297631735999892;20260.26026026026;30.154807639623435;1.827261066459596
0.1501501501501501;0.14958659491431114;20300.300300300303;30.205921123710866;1.8521672926913268
0.1701701701701701;0.16935006374410697;20340.34034034034;30.26422553317428;1.8767157696482615
0.19019019019019012;0.18904565913188798;20380.380380380382;30.329677288054437;1.9009366940843948
0.21021021021021014;0.20866548732301396;20420.420420420418;30.402227861896527;1.9248585770764368
0.23023023023023015;0.22820168492941387;20460.46046046046;30.481823949160717;1.9485083973937614
0.25025025025025016;0.24764642208113605;20500.5005005005;30.568407646264713;1.9719117411846034
0.2702702702702702;0.26699190556446456;20540.54054054054;30.66191664487129;1.9950929295733113
0.2902902902902902;0.2862303819453444;20580.58058058058;30.762284435977023;2.018075135571486
0.3103103103103102;0.30535414067686334;20620.620620620623;30.86944052332111;2.0408804915409355
0.3303303303303302;0.3243555171895451;20660.66066066066;30.98331064461348;2.06353018830463
0.3503503503503502;0.34322689596321554;20700.7007007007;31.103816999079115;2.086044566879826
0.37037037037037024;0.36196071357921034;20740.740740740737;31.23087847983055;2.108443203702447
0.39039039039039025;0.3805494617517009;20780.78078078078;31.364410909610193;2.1307449901213364
0.41041041041041026;0.39898569033692394;20820.82082082082;31.504327278488752;2.1529682068631106
0.4304304304304303;0.41726201031910837;20860.860860860863;31.65053798216284;2.1751305941014696
0.4504504504504503;0.4353710967719026;20900.9009009009;31.802951059562723;2.1972494177074657
0.4704704704704703;0.4533056917941159;20940.94094094094;31.9614724285585;2.2193415322083405
0.4904904904904903;0.4710586074185968;20980.980980980978;32.126006118637875;2.241423440941077
0.5105105105105103;0.4886227284930825;21021.02102102102;32.29645449951933;2.263511353851981
0.5305305305305303;0.5059910155318658;21061.06106106106;32.47271850475931;2.2856212433647682
0.5505505505505504;0.523156507537134;21101.101101101103;32.65469784950978;2.3077688987162173
0.5705705705705704;0.5401123247888537;21141.14114114114;32.84229124168083;2.3299699791400155
0.5905905905905904;0.5568516716020773;21181.181181181182;33.03539658586144;2.3522400662656855
0.6106106106106104;0.5733678390505711;21221.221221221218;33.23391117944842;2.374594716090108
0.6306306306306304;0.5896542076556717;21261.26126126126;33.43773190052763;2.39704951087407
0.6506506506506504;0.6057042500392918;21301.3013013013;33.64675538714237;2.4196201113152767
0.6706706706706704;0.6215115335400143;21341.341341341344;33.86087820767016;2.442322309352464
0.6906906906906904;0.637069722791224;21381.38138138138;34.079997022110696;2.4651720819625926
0.7107107107107105;0.652372582260246;21421.421421421423;34.304008734163624;2.4881856463247716
0.7307307307307305;0.6674139787474705;21461.46146146146;34.53281063404512;2.5113795167408033
0.7507507507507505;0.6821878838444655;21501.5015015015;34.766300532056455;2.5347705637232427
0.7707707707707705;0.6966883763500882;21541.54154154154;35.00437688297579;2.558376075688157
0.7907907907907905;0.7109096446436312;21581.581581581584;35.24693890139642;2.5822138237217103
0.8108108108108105;0.7248459890140487;21621.62162162162;35.493886668180544;2.6063021299279843
0.8308308308308305;0.738491823944332;21661.661661661663;35.745121228237785;2.6306599399107924
0.8508508508508505;0.7518416803501156;21701.7017017017;36.000544679871666;2.655306899995491
0.8708708708708706;0.7648902077716203;21741.741741741742;36.26006025596651;2.6802634398591048
0.8908908908908906;0.7776321765180522;21781.78178178178;36.52357239731063;2.70555086130964
0.9109109109109106;0.7900624797635988;21821.821821821824;36.7909868183711;2.7311914340398644
0.9309309309309306;0.8021761355941828;21861.86186186186;37.06221056584929;2.7572084992788257
0.9509509509509506;0.8139682890041524;21901.901901901903;37.33715207035768;2.783626582378234
0.9709709709709706;0.8254342138421087;21941.94194194194;37.61572119156456;2.8104715155029787
0.9909909909909906;0.8365693147050889;21981.981981981982;37.89782925715718;2.837770571748762
1.0110110110110107;0.8473691287803486;22022.02202202202;38.18338909597419;2.865552612188648
1.0310310310310307;0.8578293276340025;22062.06206206206;38.472315065656424;2.893848247558779
1.0510510510510507;0.8679457189458076;22102.1021021021;38.764523075160334;2.9226900165369347
1.0710710710710707;0.8777142481893948;22142.142142142144;39.05993060247258;2.952112582852408
1.0910910910910907;0.8871310002572728;22182.18218218218;39.35845670785591;2.9821529537997034
1.1111111111111107;0.8961922010299561;22222.222222222223;39.66002204294724;3.012850723121212
1.1311311311311307;0.904894218888586;22262.26226226226;39.9645488560186;3.0442483416869255
1.1511511511511507;0.913233566170439;22302.3023023023;40.27196099369978;3.076391419946333
1.1711711711711708;0.9212069005667397;22342.34234234234;40.58218389944975;3.109329066776347
1.1911911911911908;0.9288110264622171;22382.382382382384;40.8951446090513;3.143114270120516
1.2112112112112108;0.9360428962158689;22422.42242242242;41.21077174339028;3.1778043257352717
1.2312312312312308;0.9428996113824182;22462.462462462463;41.52899549876775;3.213461321461064
1.2512512512512508;0.9493784238739755;22502.5025025025;41.849747634980275;3.250152685760553
1.2712712712712708;0.9554767370614388;22542.542542542542;42.17296146139033;3.287951810863445
1.2912912912912908;0.9611921068151903;22582.58258258258;42.49857182119571;3.326938762791947
1.3113113113113108;0.9665222424846748;22622.622622622624;42.82651507409446;3.3672010928930165
1.3313313313313309;0.9714650078164637;22662.66266266266;43.15672907752868;3.4088347683762263
1.3513513513513509;0.9760184218104397;22702.702702702703;43.48915316667934;3.451945242880283
1.3713713713713709;0.9801806595137577;22742.74274274274;43.823728133371574;3.4966486924353397
1.391391391391391;0.9839500527522628;22782.782782782782;44.16039620403942;3.5430734475697765
1.411411411411411;0.9873250907990753;22822.82282282282;44.4991010168875;3.5913616590118
1.431431431431431;0.9903044209800709;22862.862862862865;44.83978759837733;3.6416712428278393
1.451451451451451;0.9928868492160163;22902.9029029029;45.182402339155566;3.694178161408377
1.471471471471471;0.9950713405011415;22942.942942942944;45.52689296953244;3.749079110103768
1.491491491491491;0.9968570193179574;22982.98298298298;45.87320853460967;3.8065946963911115
1.511511511511511;0.998243169988153;23023.023023023023;46.22129936914853;3.8669732203817375
1.531531531531531;0.9992292369594296;23063.063063063062;46.57111707226129;3.930495193837352
1.551551551551551;0.9998148250281604;23103.1031031031;46.92261448200113;3.997478771816777
1.571571571571571;0.9999996994977832;23143.14314314314;47.275745649919386;4.068286319620187
1.591591591591591;0.9997837862728629;23183.183183183184;47.630465815651846;4.143332402019156
1.611611611611611;0.9991671718887893;23223.22322322322;47.9867313815901;4.223093567768899
1.631631631631631;0.9981501034770941;23263.263263263263;48.34449988768789;4.308120418534308
1.651651651651651;0.9967329886664037;23303.3033033033;48.70372998644764;4.399052609824105
1.671671671671671;0.9949163954190666;23343.343343343342;49.06438141812677;4.49663765018219
1.691691691691691;0.9927010518035211;23383.38338338338;49.426414986199504;4.6017546702557475
1.711711711711711;0.9900878457024944;23423.423423423425;49.78979253310512;4.715444765418935
1.7317317317317311;0.9870778244571496;23463.46346346346;50.154476916310095;4.8389501356000295
1.7517517517517511;0.983672194447325;23503.503503503503;50.520431984707734;4.973765149255517
1.7717717717717711;0.9798723206080308;23543.54354354354;50.887622555375884;5.12170379661981
1.7917917917917912;0.9756797258823999;23583.583583583582;51.2560143907099;5.284990016223313
1.8118118118118112;0.971096090611312;23623.623623623622;51.62557417594577;5.466380485962034
1.8318318318318312;0.9661232518599315;23663.663663663665;51.996269497085244;5.669334359266406
1.8518518518518512;0.9607632026814363;23703.7037037037;52.368068819232946;5.898252310908903
1.8718718718718712;0.9550180913182247;23743.743743743744;52.74094146535311;6.158820322660933
1.8918918918918912;0.9488902203409267;23783.78378378378;53.11485759545167;6.458515968472943
1.9119119119119112;0.9423820457255618;23823.823823823823;53.4897881861879;6.8073744742008735
1.9319319319319312;0.9354961758692136;23863.863863863862;53.86570501091799;7.219184599298998
1.9519519519519513;0.9282353705446162;23903.903903903905;54.2425806201716;7.71342472553482
1.9719719719719713;0.9206025397940705;23943.94394394394;54.62038832256149;8.318535158866723
1.9919919919919913;0.9126007427631351;23983.983983983984;54.999102166124565;9.077742391492587
2.0120120120120113;0.904233186474558;24024.02402402402;55.37869692009231;10.060104093485965
2.0320320320320313;0.8955032245429408;24064.064064064063;55.75914805708719;11.383193443631752
2.0520520520520513;0.8864143558306511;24104.104104104103;56.1404317357412;13.264781558789625
2.0720720720720713;0.8769702230455205;24144.144144144146;56.52252478373175;16.15847409025933
2.0920920920920913;0.8671746112808925;24184.18418418418;56.90540468122946;21.191476688883395
2.1121121121121114;0.8570314464986026;24224.224224224225;57.2890495447523;32.15323778851827
2.1321321321321314;0.8465447939555009;24264.26426426426;57.67343811141943;74.68645250158175
2.1521521521521514;0.8357188565741465;24304.304304304304;58.05854972359836;-160.34620343256765
2.1721721721721714;0.8245579732583277;24344.344344344343;58.44436431393798;-35.53754048483658
2.1921921921921914;0.8130666171540819;24384.384384384386;58.830862390780595;-18.946885067767987
2.2122122122122114;0.8012493938569133;24424.424424424422;59.2180250239451;-12.384122863285182
2.2322322322322314;0.7891110395659262;24464.464464464465;59.605833830873635;-8.863403102868116
2.2522522522522515;0.7766564191856146;24504.5045045045;59.99427096313386;-6.664873141368446
2.2722722722722715;0.7638905243760667;24544.544544544544;60.38331909326896;-5.159544744402034
2.2922922922922915;0.7508184715523699;24584.584584584583;60.77296140198716;-4.062779376915753
2.3123123123123115;0.7374454998340125;24624.624624624623;61.163181565682805;-3.227008014171925
2.3323323323323315;0.7237769689451095;24664.664664664662;61.5539637442808;-2.5680883906228473
2.3523523523523515;0.7098183570662895;24704.704704704705;61.945292569396386;-2.034534371623147
2.3723723723723715;0.695575258639108;24744.74474474474;62.33715313280221;-1.593074488123062
2.3923923923923915;0.6810533821238618;24784.784784784784;62.729530975194486;-1.2212514345114678
2.4124124124124116;0.6662585477117091;24824.82482482482;63.1224120752507;-0.9033585370541157
2.4324324324324316;0.6511966849920069;24864.864864864863;63.51578283897049;-0.6280804395680333
2.4524524524524516;0.6358738305758042;24904.904904904903;63.90963008929237;-0.38705862422244586
2.4724724724724716;0.6202961256764417;24944.944944944946;64.30394105597844;-0.1739847544575741
2.4924924924924916;0.6044698136482284;24984.98498498498;64.69870336575957;0.015991650865821327
2.5125125125125116;0.5884012374841813;25025.025025025025;65.0939050327336;0.18666140616439408
2.5325325325325316;0.572096837273831;25065.06506506506;65.48953444900943;0.3410300998479645
2.5525525525525516;0.5555631476221123;25105.105105105104;65.88558037558967;0.48151144536873636
2.5725725725725717;0.5388067950303747;25145.145145145143;66.28203193348499;0.6100661838174992
2.5925925925925917;0.52183449524056;25185.185185185186;66.67887859505328;0.7283036246299104
2.6126126126126117;0.5046530505436163;25225.225225225222;67.07611017555683;0.8375570459423278
2.6326326326326317;0.48726934705322206;25265.265265265265;67.47371682493126;0.9389404827736949
2.6526526526526517;0.4696903519459153;25305.3053053053;67.87168901975933;1.033392051360184
2.6726726726726717;0.4519231106687347;25345.345345345344;68.27001755544399;1.1217073923192564
2.6926926926926917;0.4339747441154899;25385.385385385383;68.66869353857406;1.204565765697516
2.7127127127127117;0.41585244577279434;25425.425425425427;69.06770837947712;1.2825506150613732
2.7327327327327318;0.39756347883700316;25465.465465465462;69.46705378495326;1.356165921745957
2.7527527527527518;0.37911517330321276;25505.505505505505;69.8667217511847;1.4258493216428105
2.772772772772772;0.3605149230274883;25545.54554554554;70.26670455681537;1.4919827084268649
2.792792792792792;0.34177018276349563;25585.585585585584;70.66699475619545;1.5549008678654446
2.812812812812812;0.32288846517472775;25625.625625625624;71.06758517278551;1.6148985570331287
2.8328328328328336;0.30387733782351833;25665.665665665663;71.46846889271549;1.6722363457567408
2.8528528528528536;0.2847444201380622;25705.705705705706;71.86963925849322;1.7271454657140572
2.8728728728728736;0.265497380358631;25745.745745745746;72.27108986285866;1.779831858532826
2.8928928928928936;0.24614393246424282;25785.78578578579;72.67281454277818;1.8304795732053787
2.9129129129129137;0.22669183308099158;25825.825825825825;73.07480737357538;1.8792536317434045
2.9329329329329337;0.20714887837328586;25865.865865865868;73.47706266319366;1.9263024577941574
2.9529529529529537;0.1875229009192412;25905.905905905904;73.87957494658671;1.9717599441406315
2.9729729729729737;0.16782176657147832;25945.945945945947;74.28233898023258;2.01574722030552
2.9929929929929937;0.1480533713045851;25985.985985985986;74.68534973676785;2.05837416990396
3.0130130130130137;0.12822563805050619;26026.02602602603;75.08860239973777;2.0997407382208255
3.0330330330330337;0.1083465135231285;26066.066066066065;75.49209235845898;2.1399380631818454
3.0530530530530537;0.08842396503333513;26106.10610610611;75.89581520299129;2.1790494570328347
3.0730730730730738;0.06846597729580413;26146.146146146144;76.29976671921497;2.2171512613244717
3.0930930930930938;0.048480549228832236;26186.186186186187;76.70394288401046;2.2543135939807586
3.113113113113114;0.02847569074846586;26226.226226226227;77.10833986053727;2.2906010041217124
3.133133133133134;0.008459419558224344;26266.26626626627;77.512953993609;2.3260730477706915
3.153153153153154;-0.011560242064297918;26306.306306306305;77.91778180516147;2.3607847954912544
3.173173173173174;-0.031575270482662586;26346.34634634635;78.32281998981139;2.39478728127898
3.193193193193194;-0.05157764391736308;26386.386386386384;78.7280654105025;2.4281279006102827
3.213213213213214;-0.07155934566085609;26426.426426426427;79.13351509423666;2.4608507643674606
3.233233233233234;-0.09151236729056025;26466.466466466467;79.53916622788752;2.492997014372655
3.253253253253254;-0.11142871187853433;26506.50650650651;79.94501615409396;2.5246051054377148
3.273273273273274;-0.13130039719654849;26546.546546546553;80.35106236723132;2.5557110581435163
3.293293293293294;-0.15111945891526418;26586.58658658659;80.75730250945783;2.586348685978128
3.313313313313314;-0.17087795379624018;26626.626626626625;81.16373436683423;2.616549799969529
3.333333333333334;-0.19056796287548583;26666.666666666668;81.57035586551444;2.646344393530263
3.353353353353354;-0.21018159463728528;26706.70670670671;81.97716506800518;2.6757608098759085
3.373373373373374;-0.22971098817702096;26746.74674674675;82.38416016949266;2.7048258940764005
3.393393393393394;-0.24914831635172813;26786.786786786786;82.79133949423446;2.7335651315406455
3.413413413413414;-0.2684857889171186;26826.82682682683;83.1987014920147;2.7620027745135767
3.433433433433434;-0.2877156556498156;26866.866866866872;83.60624473466092;2.7901619579750796
3.453453453453454;-0.30683020945354905;26906.90690690691;84.01396791262087;2.818064806167286
3.473473473473474;-0.32582178944806556;26946.946946946948;84.42186983159759;2.845732530836628
3.493493493493494;-0.34468278403951613;26986.986986986987;84.82994940924156;2.873185522156466
3.513513513513514;-0.3634056339710901;27027.02702702703;85.23820567189787;2.900443433192251
3.533533533533534;-0.38198283535267313;27067.06706706707;85.64663775140747;2.9275252586817477
3.553553553553554;-0.40040694266831506;27107.107107107106;86.05524488196112;2.954449408825921
3.573573573573574;-0.4186705717603019;27147.14714714715;86.46402639700432;2.981233778719963
3.593593593593594;-0.4367664027886363;27187.18718718719;86.87298172619249;3.0078958139973353
3.613613613613614;-0.4546871831647401;27227.227227227228;87.2821103923949;3.034452573211412
3.633633633633634;-0.47242573045820363;27267.267267267267;87.69141200874628;3.060920787438388
3.653653653653654;-0.48997493527541625;27307.30730730731;88.10088627574498;3.0873169175507993
3.673673673673674;-0.5073277641089246;27347.347347347353;88.51053297839664;3.1136572095826094
3.693693693693694;-0.5244772621563766;27387.38738738739;88.92035198340258;3.139957748583781
3.713713713713714;-0.541416556107922;27427.427427427425;89.33034323639147;3.166234511344249
3.733733733733734;-0.5581388569009507;27467.467467467468;89.74050675919379;3.192503418353774
3.753753753753754;-0.5746374624410662;27507.50750750751;90.15084264715821;3.2187803853551613
3.773773773773774;-0.590905760288204;27547.54754754755;90.56135106650851;3.245081374843542
3.7937937937937942;-0.6069372303068165;27587.587587587586;90.9720322517411;3.27142244786377
3.8138138138138142;-0.6227254472790639;27627.62762762763;91.38288650306154;3.297819816461492
3.8338338338338342;-0.6382640834799636;27667.667667667673;91.79391418385995;3.3242898971511172
3.8538538538538543;-0.6535469112134646;27707.70770770771;92.20511571822412;3.350849365775952
3.8738738738738743;-0.6685678053084332;27747.747747747748;92.61649158849018;3.3775152141523277
3.8938938938938943;-0.6833207455735457;27787.78778778779;93.02804233282973;3.404304808910968
3.9139139139139143;-0.6977998192101091;27827.82782782783;93.43976854287317;3.4312359529755505
3.9339339339339343;-0.7119992231818373;27867.86786786787;93.85167086136829;3.4583269501507843
3.9539539539539543;-0.7259132665406387;27907.907907907906;94.26374997987409;3.4855966733311967
3.9739739739739743;-0.7395363727074777;27947.94794794795;94.67600663648886;3.51306463688764
3.9939939939939944;-0.7528630817074007;27987.98798798799;95.08844161361216;3.5407510738425367
4.014014014014014;-0.7658880523578266;28028.028028028028;95.50105573574047;3.568677018507838
4.034034034034034;-0.7786060644092284;28068.068068068067;95.9138498672956;3.5968643953331494
4.054054054054054;-0.7910120206373449;28108.10810810811;96.32682491048597;3.6253361147968013
4.074074074074074;-0.8031009488860867;28148.148148148153;96.73998180319997;3.6541161772718205
4.094094094094094;-0.8148680040603158;28188.18818818819;97.15332151693111;3.6832297859138667
4.114114114114114;-0.8263084700676998;28228.228228228225;97.56684505473493;3.712703469751941
4.134134134134134;-0.8374177617088655;28268.268268268268;97.98055344921659;3.7425652183181266
4.1541541541541545;-0.84819142651509;28308.30830830831;98.39444776054981;3.7728446293335773
4.1741741741741745;-0.8586251465327962;28348.34834834835;98.80852907452594;3.8035730711789224
4.1941941941941945;-0.8687147400541362;28388.388388388386;99.22279850063353;3.8347838621235932
4.2142142142142145;-0.8784561632929684;28428.42842842843;99.6372571701677;3.8665124685769174
4.2342342342342345;-0.8878455120055583;28468.468468468473;100.05190623436937;3.8987967249619753
4.2542542542542545;-0.896879023055351;28508.50850850851;100.46674686259388;3.9316770782109014
4.2742742742742745;-0.9055530759211916;28548.548548548548;100.88178024050896;3.9651968603491357
4.2942942942942945;-0.9138641941483847;28588.58858858859;101.29700756832163;3.9994025931904362
4.314314314314315;-0.9218090467420161;28628.628628628634;101.71243005903405;4.034344329821834
4.334334334334335;-0.9293844495019744;28668.66866866867;102.12804893672804;4.070076038339629
4.354354354354355;-0.93658736629914;28708.708708708706;102.54386543487797;4.106656034230829
4.374374374374375;-0.943414910292228;28748.74874874875;102.95988079469211;4.144147468912149
4.394394394394395;-0.9498643450848;28788.788788788792;103.37609626348195;4.182618883282202
4.414414414414415;-0.9559330858219774;28828.82882882883;103.7925130930598;4.222144836763499
4.434434434434435;-0.9616187002264206;28868.868868868867;104.20913253816397;4.26280662427452
4.454454454454455;-0.9669189095731556;28908.90890890891;104.62595585491194;4.304693095960583
4.474474474474475;-0.9718315896028593;28948.948948948953;105.04298429928093;4.347901597430258
4.494494494494495;-0.9763547713732371;28988.98898898899;105.46021912561622;4.3925390518252065
4.514514514514515;-0.9804866420481503;29029.02902902903;105.87766158516658;4.438723209467233
4.534534534534535;-0.9842255456241793;29069.06906906907;106.2953129246472;4.486584096299113
4.554554554554555;-0.9875699835943296;29109.109109109115;106.71317438482971;4.536265699153683
4.574574574574575;-0.9905186155486146;29149.14914914915;107.1312471991593;4.587927934426849
4.594594594594595;-0.9930702597112765;29189.189189189186;107.54953259239895;4.641748957491986
4.614614614614615;-0.9952238934144263;29229.22922922923;107.96803177930038;4.697927883836433
4.634634634634635;-0.9969786535079181;29269.269269269273;108.38674596330205;4.7566880103089515
4.654654654654655;-0.9983338367052883;29309.309309309312;108.80567633525376;4.8182806472306225
4.674674674674675;-0.9992888998656242;29349.349349349348;109.22482407216812;4.8829897010595955
4.694694694694695;-0.9998434602112485;29389.38938938939;109.64419033599836;4.951137185031972
4.714714714714715;-0.9999972954811321;29429.429429429434;110.06377627244302;5.023089884800086
4.734734734734735;-0.9997503440199734;29469.46946946947;110.48358300977691;5.0992674718526265
4.754754754754755;-0.9991027048029089;29509.50950950951;110.9036116577085;5.180152445501545
4.774774774774775;-0.9980546373958451;29549.54954954955;111.32386330626372;5.266302403139371
4.794794794794795;-0.9966065618514283;29589.589589589592;111.74433902469609;5.358365300867705
4.814814814814815;-0.9947590585406917;29629.62962962963;112.16503986042295;5.457098590883453
4.834834834834835;-0.9925128679204505;29669.669669669667;112.58596683798793;5.563393435548921
4.854854854854855;-0.9898688902365352;29709.70970970971;113.00712095804953;5.678305642155105
4.874874874874875;-0.9868281851629849;29749.749749749753;113.42850319639572;5.803095600335697
4.894894894894895;-0.9833919713773418;29789.78978978979;113.85011450298455;5.939280434731474
4.914914914914915;-0.979561626072221;29829.82982982983;114.27195580101056;6.088702966066512
4.934934934934935;-0.9753386844033478;29869.86986986987;114.69402798599724;6.2536241596805295
4.954954954954955;-0.9707248388742866;29909.909909909915;115.11633192491502;6.436848956244561
4.974974974974975;-0.9657219386581056;29949.94994994995;115.53886845532529;6.641900448350523
4.994994994994995;-0.960331988856251;29989.989989989986;115.96163838454967;6.8732655568753
5.015015015015015;-0.9545571496949268;30030.03003003003;116.3846424888653;7.1367489647852675
5.035035035035035;-0.9483997356593021;30070.070070070073;116.80788151272529;7.439995374333306
5.055055055055055;-0.9418622145658946;30110.110110110112;117.23135616800471;7.793281520727554
5.075075075075075;-0.9349472065734983;30150.150150150148;117.65506713327201;8.210755812011971
5.095095095095095;-0.9276574831330572;30190.19019019019;118.07901505308567;8.712451440427742
5.115115115115115;-0.9199959658769008;30230.230230230234;118.50320053731599;9.327701353534625
5.135135135135135;-0.9119657254477898;30270.27027027027;118.92762416049192;10.101243530320716
5.155155155155155;-0.9035699802682392;30310.31031031031;119.35228646117322;11.10486294227749
5.175175175175175;-0.894812095250615;30350.350350350353;119.77718794134724;12.461471128702296
5.195195195195195;-0.885695580448517;30390.390390390392;120.20232906585053;14.400483889974277
5.215215215215215;-0.8762240896499932;30430.43043043043;120.62771026181557;17.405082414166007
5.235235235235235;-0.8664014189131451;30470.470470470467;121.05333191814154;22.69720727634483
5.255255255255255;-0.8562315050447148;30510.51051051051;121.47919438499011;34.52308283817213
5.275275275275275;-0.8457184240222602;30550.550550550553;121.90529797330554;84.6941854822741
5.295295295295295;-0.8348663893605527;30590.59059059059;122.33164295435886;-126.49467921622791
5.315315315315315;-0.8236797504228527;30630.63063063063;122.75822955931652;-32.44203919969604
5.335335335335335;-0.812162990677737;30670.670670670672;123.18505797883307;-17.28799902797257
5.355355355355355;-0.8003207259021795;30710.710710710715;123.61212836266765;-11.083475073356485
5.375375375375375;-0.788157702331604;30750.75075075075;124.03944081932428;-7.704020535809063
5.395395395395395;-0.7756787947576509;30790.790790790787;124.46699541571624;-5.57544091908278
5.415415415415415;-0.7628890045744201;30830.83083083083;124.89479217685341;-4.109904786622508
5.435435435435435;-0.7497934577739731;30870.870870870873;125.32283108555359;-3.0380226944577395
5.455455455455455;-0.7363974028918983;30910.910910910912;125.75111208217655;-2.218932787291279
5.475475475475475;-0.722706208903761;30950.950950950948;126.17963506438176;-1.5718172464478317
5.495495495495495;-0.7087253630732843;30990.99099099099;126.60839988690861;-1.046990006245497
5.515515515515515;-0.6944604687531201;31031.031031031034;127.03740636137972;-0.6122230766272199
5.535535535535535;-0.679917243139094;31071.07107107107;127.46665425612682;-0.2456978002216177
5.555555555555555;-0.6651015149788224;31111.11111111111;127.89614329603904;0.06788392416268074
5.575575575575575;-0.6500192222356224;31151.151151151153;128.3258731624337;0.3395662733038112
5.595595595595595;-0.634676409708647;31191.191191191196;128.75584349294905;0.5775221001614375
5.615615615615615;-0.6190792266102049;31231.23123123123;129.18605388145897;0.7879292061031182
5.635635635635635;-0.6032339241012297;31271.271271271267;129.6165038780097;0.975544169570139
5.655655655655655;-0.5871468527858918;31311.31131131131;130.0471929887777;1.1440888924501915
5.675675675675675;-0.5708244601663532;31351.351351351354;130.47812067604954;1.2965174966261444
5.6956956956956954;-0.5542732880586871;31391.391391391393;130.90928635822218;1.4352046595937624
5.7157157157157155;-0.5374999699709978;31431.43143143143;131.34068940982505;1.5620811060928497
5.7357357357357355;-0.5205112284447917;31471.471471471472;131.7723291615624;1.6787327814389665
5.7557557557557555;-0.5033138723606644;31511.511511511515;132.20420490037637;1.786474578529207
5.7757757757757755;-0.48591479420938416;31551.55155155155;132.63631586953056;1.8864059235510053
5.7957957957957955;-0.46832096732946604;31591.59159159159;133.06866126871353;1.9794532231616007
5.8158158158158155;-0.4505394431123424;31631.631631631633;133.50124025416238;2.066402658987371
5.8358358358358355;-0.43257734817625115;31671.671671671676;133.93405193880602;2.1479257969259407
5.8558558558558556;-0.41444188150997424;31711.711711711712;134.36709539242787;2.224599783273346
5.875875875875876;-0.3961403115875705;31751.751751751748;134.8003696418478;2.296923417251186
5.895895895895896;-0.3776799734552599;31791.79179179179;135.23387367112312;2.3653300499672696
5.915915915915916;-0.3590682657916262;31831.831831831834;135.66760642176828;2.4301980176728186
5.935935935935936;-0.340312647942317;31871.871871871874;136.10156679299314;2.4918591423120597
5.955955955955956;-0.32142063693042877;31911.91191191191;136.53575364195947;2.5506057046356476
5.975975975975976;-0.3023998044437755;31951.951951951953;136.9701657840554;2.606696200856974
5.995995995995996;-0.2832577738002487;31991.991991991996;137.4048019931879;2.6603601235217775
6.016016016016017;-0.2640022168924825;32032.03203203203;137.8396610020923;2.7118019543445557
6.0360360360360374;-0.2446408511130596;32072.072072072075;138.2747415026594;2.761204516588038
6.0560560560560575;-0.22518143626146414;32112.112112112118;138.71004214627965;2.808731803805378
6.0760760760760775;-0.20563177143405525;32152.152152152154;139.1455615442036;2.8545313780365453
6.0960960960960975;-0.18599969189828272;32192.192192192193;139.5812982679191;2.898736412110668
6.1161161161161175;-0.16629306595240723;32232.232232232236;140.01725084954455;2.9414674362764703
6.1361361361361375;-0.14651979177198224;32272.27227227228;140.45341778223818;2.982833838017597
6.1561561561561575;-0.12668779424436152;32312.312312312315;140.8897975206225;3.0229351549021164
6.1761761761761775;-0.10680502179250093;32352.35235235235;141.32638848122468;3.061862193134666
6.1961961961961975;-0.08687944318932717;32392.392392392394;141.76318904293143;3.0996979987229736
6.216216216216218;-0.06691904436395081;32432.432432432437;142.2001975474588;3.1365187035309887
6.236236236236238;-0.046931825201003245;32472.472472472477;142.63741229983648;3.1723942647326644
6.256256256256258;-0.026925796334380317;32512.512512512512;143.07483156890615;3.2073891131215135
6.276276276276278;-0.0069089759366779205;32552.552552552555;143.51245358783368;3.2415627232298254
6.296296296296298;0.01311061349439389;32592.5925925926;143.950276554635;3.2749701161571307
6.316316316316318;0.03312494835133023;32632.632632632634;144.38829863271505;3.3076623043132845
6.336336336336338;0.05312600713259549;32672.672672672674;144.82651795141973;3.3396866858785947
6.356356356356358;0.07310577365754344;32712.712712712717;145.26493260660058;3.3710873956172738
6.376376376376378;0.09305624027920471;32752.752752752756;145.70354066119165;3.40190561770757
6.396396396396398;0.11296941109365417;32792.792792792796;146.14234014579847;3.432179865437428
6.416416416416418;0.13283730514467176;32832.832832832835;146.58132905929878;3.461946231930313
6.436436436436438;0.15265195962241254;32872.872872872875;147.02050536945444;3.4912386154893054
6.456456456456458;0.17240543305480371;32912.91291291292;147.45986701353468;3.520088922660226
6.476476476476478;0.1920898084903901;32952.95295295295;147.89941189894998;3.5485272517015054
6.496496496496498;0.21169719667135153;32992.99299299299;148.33913790389656;3.576582058797439
6.516516516516518;0.23121973919542158;33033.03303303303;148.77904287801067;3.604280309052317
6.536536536536538;0.25064961166543914;33073.07307307308;149.21912464303293;3.63164761404746
6.556556556556558;0.26997902682527153;33113.11311311312;149.65938099348224;3.6587083575245183
6.576576576576578;0.28920023768085207;33153.15315315315;150.0998096973388;3.6854858105709365
6.596596596596598;0.3083055406050806;33193.1931931932;150.5404084967358;3.7120022375224146
6.616616616616618;0.3272872784253436;33233.23323323324;150.98117510865978;3.7382789936587657
6.636636636636638;0.3461378434924156;33273.27327327328;151.42210722565937;3.7643366156503366
6.656656656656658;0.3648496807295122;33313.313313313316;151.8632025165615;3.7901949056095203
6.676676676676678;0.3834152906602728;33353.353353353355;152.30445862719566;3.815873009513496
6.696696696696698;0.4018272324144596;33393.3933933934;152.74587318112503;3.8413894906882797
6.716716716716718;0.42007812671016725;33433.433433433434;153.18744378038468;3.8667623989788567
6.736736736736738;0.43816065881134963;33473.473473473474;153.62916800622628;3.892009336174212
6.756756756756758;0.45606758145947657;33513.51351351351;154.0710434198692;3.9171475182084246
6.776776776776778;0.4737917177781468;33553.55355355356;154.51306756325744;3.9421938346185805
6.796796796796798;0.4913259641494929;33593.5935935936;154.95523795982217;3.9671649057064475
6.816816816816818;0.5086632930612244;33633.63363363363;155.39755211524977;3.9920771378228705
6.836836836836838;0.5257967559231689;33673.67367367368;155.84000751825448;4.016946777171243
6.856856856856858;0.5427194858521831;33713.71371371372;156.28260164135614;4.041789962508739
6.876876876876878;0.5594247004243152;33753.75375375376;156.72533194166175;4.066622777110951
6.896896896896898;0.5759057043931182;33793.7937937938;157.16819586165155;4.091461300356863
6.916916916916918;0.5921558923730226;33833.833833833836;157.61119082996848;4.116321659286664
6.936936936936938;0.6081687514866948;33873.873873873876;158.05431426221102;4.141220080484575
6.956956956956958;0.6239378639753193;33913.913913913915;158.49756356172924;4.166172942642673
6.976976976976978;0.6394569097707574;33953.953953953955;158.94093612042343;4.191196830169711
6.996996996996998;0.6547196690285544;33993.993993993994;159.38442931954523;4.2163085882213185
7.017017017017018;0.6697200246207764;34034.03403403404;159.82804053050074;4.241525379544871
7.037037037037038;0.6844519645876821;34074.07407407407;160.27176711565573;4.266864743554173
7.057057057057058;0.6989095845472415;34114.11411411411;160.71560642914193;4.29234465807615
7.077077077077078;0.7130870900615411;34154.15415415416;161.15955581766468;4.317983604244716
7.097097097097098;0.7269787989591242;34194.1941941942;161.60361262131153;4.343800635056209
7.117117117117118;0.7405791436123352;34234.23423423424;162.04777417436128;4.3698154481473575
7.137137137137138;0.7538826731687577;34274.27427427427;162.49203780609315;4.396048463411272
7.157157157157158;0.7668840557358491;34314.31431431432;162.93640084159614;4.422520906130791
7.177177177177178;0.7795780805178987;34354.35435435436;163.3808606025778;4.44925489638274
7.197197197197198;0.7919596599044508;34394.394394394396;163.82541440817272;4.476273545553086
7.217217217217218;0.804023831509357;34434.434434434435;164.27005957574931;4.503601060903232
7.237237237237238;0.8157657601596402;34474.474474474475;164.71479342171634;4.531262859244188
7.257257257257258;0.8271807398333731;34514.51451451452;165.15961326232696;4.559285690910619
7.277277277277278;0.8382641955457942;34554.554554554554;165.60451641448157;4.587697775384127
7.297297297297298;0.849011685182906;34594.59459459459;166.04950019652833;4.616528950098132
7.317317317317318;0.8594189012818204;34634.63463463464;166.49456192906104;4.645810834170302
7.337337337337338;0.869481672757137;34674.67467467468;166.93969893571477;4.675577009057756
7.357357357357358;0.8791959665726636;34714.71471471472;167.38490854395818;4.70586321842219
7.377377377377378;0.8885578893578079;34754.75475475475;167.83018808588255;4.736707589834461
7.397397397397398;0.8975636889679927;34794.7947947948;168.2755348989877;4.768150881350915
7.417417417417418;0.90620975598847;34834.83483483484;168.72094632696343;4.800236756468628
7.437437437437438;0.9144926251809307;34874.87487487488;169.16641972046773;4.83301209152838
7.457457457457458;0.9224089768723291;34914.914914914916;169.61195243789973;4.866527320300311
7.477477477477478;0.9299556382853685;34954.954954954956;170.05754184616887;4.900836821279886
7.497497497497498;0.9371295848101107;34994.994994995;170.5031853214586;4.935999354168045
7.517517517517518;0.9439279412162032;35035.035035035035;170.94888024998534;4.972078553143077
7.537537537537538;0.9503479828052364;35075.075075075074;171.39462402875176;5.009143485894713
7.557557557557558;0.95638713650277;35115.11511511511;171.84041406629478;5.047269289035978
7.577577577577578;0.962042981889589;35155.15515515516;172.28624778342737;5.086537892501671
7.5975975975975985;0.9673132521717791;35195.1951951952;172.7321226139743;5.127038847967743
7.6176176176176185;0.9721958350892296;35235.23523523523;173.17803600550172;5.1688702792901
7.6376376376376385;0.9766887737622014;35275.27527527528;173.62398542003987;5.212139976600301
7.6576576576576585;0.980790267475621;35315.31531531532;174.0699683347991;5.256966660184894
7.6776776776776785;0.9844986724007848;35355.35535535536;174.51598224287886;5.303481445840606
7.6976976976976985;0.9878125022541858;35395.3953953954;174.96202465396902;5.351829550334321
7.7177177177177185;0.990730428893198;35435.43543543544;175.4080930950444;5.402172284290275
7.7377377377377385;0.9932512828483792;35475.47547547548;175.8541851110508;5.45468939078583
7.7577577577577586;0.9953740537921809;35515.515515515515;176.3002982655836;5.509581801837176
7.777777777777779;0.9970978909438749;35555.555555555555;176.74643014155762;5.567074902700986
7.797797797797799;0.9984221034105357;35595.595595595594;177.19257834186936;5.627422416726562
7.817817817817819;0.9993461604639424;35635.63563563564;177.63874049005;5.6909110530235765
7.837837837837839;0.9998696917532874;35675.67567567568;178.08491423090987;5.757866097738577
7.857857857857859;0.9999924874536094;35715.71571571571;178.53109723117402;5.828658180411987
7.877877877877879;0.9997144983498878;35755.75575575576;178.97728718010825;5.903711514128289
7.897897897897899;0.9990358358567681;35795.7957957958;179.42348179013635;5.983513998216488
7.917917917917919;0.9979567719739082;35835.83583583584;179.86967879744714;6.068629694034473
7.937937937937939;0.9964777391769637;35875.87587587588;180.31587596259226;6.1597143508113845
7.957957957957959;0.9945993302442577;35915.91591591592;180.76207107107376;6.257534888600795
7.977977977977979;0.992322298019202;35955.95595595596;181.20826193392176;6.3629940673497085
7.997997997997999;0.9896475551085666;35995.995995995996;181.6544463882617;6.47716202756914
8.018018018018019;0.9865761735167184;36036.036036036036;182.10062229787133;6.601317044601098
8.038038038038039;0.9831093842159745;36076.076076076075;182.54678755372694;6.736998797389692
8.058058058058059;0.9792485766532438;36116.11611611612;182.99294007453912;6.886078877100758
8.078078078078079;0.9749952981931534;36156.156156156154;183.43907780727722;7.050855416321163
8.098098098098099;0.9703512534978839;36196.19619619619;183.885198727683;7.23418204786868
8.118118118118119;0.9653183038439612;36236.23623623624;184.33130084077322;7.439646658288079
8.138138138138139;0.9598984663762802;36276.27627627628;184.77738218133078;7.671823910837359
8.158158158158159;0.954093913299657;36316.31631631632;185.22344081438408;7.936639679422276
8.178178178178179;0.9479069710082361;36356.35635635635;185.66947483567546;8.241909870081736
8.198198198198199;0.9413401191531;36396.3963963964;186.11548237211719;8.598159422753078
8.218218218218219;0.9343959896484549;36436.43643643644;186.5614615822363;9.019907593857566
8.238238238238239;0.9270773656167921;36476.47647647648;187.00741065660665;9.527761700282774
8.258258258258259;0.9193871802734458;36516.516516516516;187.45332781827003;10.151982097123415
8.278278278278279;0.9113285157509965;36556.556556556556;187.89921132314376;10.93888448736308
8.298298298298299;0.9029046018639898;36596.5965965966;188.34505946041727;11.963117056025045
8.318318318318319;0.8941188148144662;36636.636636636635;188.79087055293513;13.353237203031526
8.338338338338339;0.8849746758388201;36676.676676676674;189.23664295756868;15.351099631332616
8.358358358358359;0.8754758497965313;36716.71671671672;189.68237506557426;18.47193852034395
8.378378378378379;0.8656261437013343;36756.75675675676;190.12806530293912;24.04278670395034
8.398398398398399;0.8554295051954133;36796.7967967968;190.57371213071468;36.840372182901675
8.418418418418419;0.844890020967235;36836.83683683683;191.01931404533687;97.10842681624933
8.438438438438439;0.8340119151136544;36876.87687687688;191.46486957893333;-103.88637337766737
8.458458458458459;0.8227995474469475;36916.91691691692;191.9103772996181;-29.771528457791387
8.478478478478479;0.8112574117474525;36956.95695695696;192.35583581177295;-15.872608568999635
8.498498498498499;0.7993901339625163;36996.996996997;192.80124375631584;-9.998533314577427
8.518518518518519;0.7872024703524724;37037.03703703704;193.24659981095604;-6.752971763239929
8.538538538538539;0.7746993055843884;37077.07707707708;193.69190269043622;-4.6920241122416675
8.558558558558559;0.7618856507743523;37117.117117117115;194.13715114676125;-3.265668847169694
8.578578578578579;0.7487666414790775;37157.157157157155;194.58234396941378;-2.2187511047285664
8.598598598598599;0.7353475356376338;37197.1971971972;195.02747998555637;-1.416737890536175
8.618618618618619;0.7216337114641305;37237.23723723724;195.47255806022036;-0.7819730466632198
8.63863863863864;0.7076306652921932;37277.27727727728;195.91757709648152;-0.26649278505535623
8.65865865865866;0.6933440093721002;37317.31731731731;196.36253603562207;0.16092765968980594
8.67867867867868;0.6787794696214611;37357.35735735736;196.80743385727936;0.5214904500700404
8.6986986986987;0.6639428833303387;37397.3973973974;197.2522695795812;0.8300979033544666
8.71871871871872;0.6488401968217344;37437.43743743744;197.6970422592678;1.097530673276491
8.73873873873874;0.6334774630683744;37477.47747747748;198.1417509918;1.3317806532440435
8.75875875875876;0.6178608392667517;37517.51751751752;198.5863949114544;1.5388980476464056
8.77877877877878;0.6019965843693973;37557.557557557564;199.03097319140483;1.7235473749962464
8.7987987987988;0.5858910565763678;37597.597597597596;199.4754850437906;1.8893827678287978
8.81881881881882;0.5695507107869562;37637.637637637636;199.919929719771;2.0393075662715745
8.83883883883884;0.5529820960126477;37677.677677677675;200.36430650956692;2.1756577895465212
8.85885885885886;0.5361918527523549;37717.71771771772;200.80861474248843;2.300334314063435
8.87887887887888;0.5191867103309872;37757.75775775776;201.2528537869497;2.414899743577244
8.8988988988989;0.5019734842024189;37797.79779779779;201.69702305047022;2.520650506037646
8.91891891891892;0.484559073217939;37837.83783783784;202.14112197966273;2.6186712664362632
8.93893893893894;0.466950456861275;37877.87787787788;202.58515006020815;2.7098765174790405
8.95895895895896;0.44915469245130146;37917.91791791792;203.02910681681703;2.795042740043054
8.97897897897898;0.431178912313552;37957.95795795796;203.47299181317806;2.874833537234651
8.998998998999;0.41303032092167075;37997.997997998;203.91680465189347;2.9498194701930833
9.01901901901902;0.3947161920099465;38038.038038038045;204.36054497440125;3.0204938545195223
9.03903903903904;0.3762438656580892;38078.07807807808;204.80421246088466;3.0872854455945715
9.05905905905906;0.3576207453494149;38118.11811811812;205.24780683016854;3.150568705008897
9.07907907907908;0.3388542950036203;38158.158158158156;205.69132783960293;3.2106721697356337
9.0990990990991;0.31995203598533445;38198.1981981982;206.1347752849339;3.2678853209621406
9.11911911911912;0.3009215440896474;38238.23823823824;206.57814900016191;3.322464257357532
9.13913913913914;0.2817704465058241;38278.278278278274;207.021448857387;3.3746364087966034
9.15915915915916;0.26250641876041964;38318.31831831832;207.4646747666421;3.4246044747765194
9.17917917917918;0.24313718164102177;38358.35835835836;207.90782667571366;3.4725497324195342
9.1991991991992;0.22367049810185347;38398.3983983984;208.35090456994965;3.518634828818376
9.21921921921922;0.20411417015247532;38438.43843843844;208.79390847205588;3.563006149217684
9.23923923923924;0.18447603573083518;38478.47847847848;209.2368384418798;3.6057958344363086
9.25925925925926;0.16476396556191822;38518.518518518526;209.67969457618236;3.647123506773301
9.27927927927928;0.14498586000325614;38558.55855855856;210.122477008398;3.687097752480329
9.2992992992993;0.12514964587856028;38598.5985985986;210.5651859083828;3.725817400034253
9.31931931931932;0.10526327330074717;38638.63863863864;211.007821482151;3.7633726263860887
9.33933933933934;0.08533471248563014;38678.67867867868;211.4503839715999;3.7998459177022723
9.35935935935936;0.065371950557554;38718.71871871872;211.89287365422317;3.835312906550538
9.37937937937938;0.04538298834825287;38758.758758758755;212.3352908428133;3.8698431037846173
9.3993993993994;0.025375837190214367;38798.7987987988;212.77763588515228;3.9035005403708425
9.41941941941942;0.005358515705835088;38838.83883883884;213.21990916369185;3.936344331936701
9.43943943943944;-0.01466095340634547;38878.87887887888;213.6621110952222;3.968429176797857
9.45945945945946;-0.03467454658704477;38918.91891891892;214.10424213053045;3.999805796550732
9.47947947947948;-0.054674242631982;38958.95895895896;214.54630275404827;4.030521326934904
9.4994994994995;-0.07465202590667903;38998.998998999;214.98829348348906;4.06061966551986
9.51951951951952;-0.09459988955902907;39039.03903903904;215.43021486947475;4.090141781811107
9.53953953953954;-0.11450983872834533;39079.07907907908;215.8720674951526;4.119125994567192
9.55955955955956;-0.13437389374960387;39119.11911911912;216.3138519758019;4.147608220443997
9.57957957957958;-0.1541840933515961;39159.159159159164;216.75556895843079;4.1756221975137295
9.5995995995996;-0.17393249784770917;39199.199199199196;217.19721912136364;4.2031996867248695
9.61961961961962;-0.19361119231805574;39239.239239239236;217.63880317381842;4.230370653961571
9.63963963963964;-0.21321228978167736;39279.27927927928;218.08032185547535;4.257163435014199
9.65965965965966;-0.23272793435755038;39319.31931931932;218.52177593603614;4.28360488547729
9.67967967967968;-0.2521503044131273;39359.35935935936;218.96316621477396;4.309720517338769
9.6996996996997;-0.2714716156991518;39399.39939939939;219.4044935200751;4.3355346238082335
9.71971971971972;-0.290684124469491;39439.43943943944;219.84575870897174;4.361070393746827
9.73973973973974;-0.30978013058473447;39479.47947947948;220.28696266666617;4.386350016902076
9.75975975975976;-0.32875198059831656;39519.51951951952;220.72810630604715;4.411394781014187
9.77977977977978;-0.34759207082392407;39559.55955955956;221.16919056719777;4.436225161742462
9.7997997997998;-0.36629285038296144;39599.5995995996;221.61021641689592;4.4608609062590645
9.81981981981982;-0.38484682423085087;39639.639639639645;222.05118484810657;4.485321111269916
9.83983983983984;-0.4032465561609546;39679.67967967968;222.49209687946694;4.509624296147444
9.85985985985986;-0.42148467178491617;39719.71971971972;222.93295355476454;4.533788471795236
9.87987987987988;-0.4395538614882252;39759.75975975976;223.37375594240734;4.5578312058095065
9.8998998998999;-0.4574468833598221;39799.7997997998;223.81450513488832;4.581769684455115
9.91991991991992;-0.4751565660945675;39839.83983983984;224.2552022482422;4.605620771934085
9.93993993993994;-0.49267581186741427;39879.879879879874;224.69584842149646;4.629401067391174
9.95995995995996;-0.5099975991781288;39919.91991991992;225.13644481611573;4.653126960073535
9.97997997997998;-0.5271149856654235;39959.95995995996;225.5769926154403;4.676814683039271
10.0;-0.5440211108893698;40000.0;226.01749302411892;4.700480365792417
